Date,Total Return Index
2012-08-22,100.0
2012-08-23,100.0
2012-08-24,100.0
2012-08-28,100.0
2012-08-29,100.0
2012-08-30,100.0
2012-08-31,100.0
2012-09-04,100.0
2012-09-05,100.0
2012-09-06,100.0
2012-09-07,100.0
2012-09-10,100.0
2012-09-11,100.0
2012-09-12,100.0
2012-09-13,100.0
2012-09-14,100.0
2012-09-17,100.0
2012-09-18,100.0
2012-09-20,100.0
2012-09-21,100.0
2012-09-24,100.0
2012-09-25,100.0
2012-09-26,100.0
2012-09-27,100.0
2012-09-28,100.0
2012-10-01,100.0
2012-10-02,100.0
2012-10-03,100.0
2012-10-04,100.0
2012-10-05,100.0
2012-10-08,100.0
2012-10-09,100.0
2012-10-10,100.0
2012-10-11,100.0
2012-10-12,100.0
2012-10-15,100.0
2012-10-16,100.0
2012-10-17,100.0
2012-10-18,100.0
2012-10-19,100.0
2012-10-22,100.0
2012-10-23,100.0
2012-10-24,100.0
2012-10-25,100.0
2012-10-26,100.0
2012-10-29,100.0
2012-10-30,100.0
2012-10-31,100.0
2012-11-01,100.0
2012-11-02,100.0
2012-11-05,100.0
2012-11-06,100.0
2012-11-07,100.0
2012-11-08,100.0
2012-11-09,100.0
2012-11-12,100.0
2012-11-13,100.0
2012-11-14,100.0
2012-11-15,100.0
2012-11-16,100.0
2012-11-19,100.0
2012-11-20,100.0
2012-11-21,100.0
2012-11-23,100.0
2012-11-26,100.0
2012-11-27,100.0
2012-11-28,100.0
2012-11-29,100.0
2012-11-30,100.0
2012-12-03,94.75728155339806
2012-12-04,94.75728155339806
2012-12-05,95.53398058252428
2012-12-06,95.33980582524272
2012-12-07,94.75728155339806
2012-12-10,94.36893203883496
2012-12-11,93.39805825242719
2012-12-12,93.20388349514563
2012-12-13,91.65048543689322
2012-12-14,93.20388349514563
2012-12-17,90.87378640776699
2012-12-18,91.2621359223301
2012-12-19,89.126213592233
2012-12-20,86.40776699029125
2012-12-21,87.76699029126213
2012-12-26,88.15533980582524
2012-12-27,89.32038834951457
2012-12-28,92.81553398058252
2013-01-02,90.48543689320388
2013-01-03,86.40776699029125
2013-01-04,87.96116504854369
2013-01-07,87.18446601941747
2013-01-08,89.70873786407768
2013-01-09,90.09708737864077
2013-01-10,89.32038834951457
2013-01-11,90.87378640776699
2013-01-14,91.2621359223301
2013-01-15,89.70873786407768
2013-01-16,91.45631067961165
2013-01-17,89.70873786407768
2013-01-18,90.87378640776699
2013-01-22,91.65048543689322
2013-01-23,92.81553398058252
2013-01-24,92.81553398058252
2013-01-25,90.29126213592234
2013-01-28,90.09708737864077
2013-01-29,87.96116504854369
2013-01-30,89.51456310679612
2013-01-31,87.96116504854369
2013-02-01,87.76699029126213
2013-02-04,89.51456310679612
2013-02-05,90.09708737864077
2013-02-06,91.2621359223301
2013-02-07,92.81553398058252
2013-02-08,92.03883495145631
2013-02-11,90.48543689320388
2013-02-12,89.32038834951457
2013-02-13,87.57281553398059
2013-02-14,89.126213592233
2013-02-15,87.76699029126213
2013-02-19,86.60194174757282
2013-02-20,87.76699029126213
2013-02-21,89.90291262135922
2013-02-22,89.90291262135922
2013-02-25,94.56310679611651
2013-02-26,90.67961165048544
2013-02-27,90.09708737864077
2013-02-28,90.67961165048544
2013-03-01,90.67961165048544
2013-03-04,89.90291262135922
2013-03-05,89.32038834951457
2013-03-06,87.76699029126213
2013-03-07,86.2135922330097
2013-03-08,85.63106796116506
2013-03-11,85.43689320388349
2013-03-12,85.43689320388349
2013-03-18,91.45631067961165
2013-03-25,90.09708737864077
2013-04-01,90.09708737864077
2013-04-08,89.90291262135922
2013-04-11,87.37864077669903
2013-04-15,88.54368932038835
2013-05-06,89.32038834951457
2013-05-09,89.90291262135922
2013-05-13,86.79611650485437
2013-05-14,86.40776699029125
2013-05-15,86.40776699029125
2013-05-16,88.93203883495146
2013-05-20,90.09708737864077
2013-05-22,88.15533980582524
2013-05-23,88.15533980582524
2013-05-28,87.96116504854369
2013-05-29,92.42718446601941
2013-05-30,93.98058252427184
2013-06-03,94.36893203883496
2013-06-04,93.39805825242719
2013-06-05,93.39805825242719
2013-06-06,92.62135922330098
2013-06-07,92.62135922330098
2013-06-10,89.32038834951457
2013-06-11,90.67961165048544
2013-06-12,87.76699029126213
2013-06-13,91.06796116504854
2013-06-17,88.93203883495146
2013-06-18,87.37864077669903
2013-06-19,84.27184466019418
2013-06-20,85.04854368932038
2013-06-24,82.33009708737865
2013-06-25,83.88349514563107
2013-06-26,85.63106796116506
2013-06-27,86.79611650485437
2013-07-01,86.99029126213593
2013-07-02,87.37864077669903
2013-07-03,86.01941747572816
2013-07-05,85.8252427184466
2013-07-08,83.49514563106796
2013-07-10,86.2135922330097
2013-07-11,87.57281553398059
2013-07-12,85.8252427184466
2013-07-15,85.8252427184466
2013-07-16,85.04854368932038
2013-07-17,84.27184466019418
2013-07-18,82.13592233009707
2013-07-22,81.55339805825243
2013-07-23,81.16504854368931
2013-07-24,81.16504854368931
2013-07-25,81.35922330097087
2013-07-26,81.94174757281554
2013-07-30,81.55339805825243
2013-07-31,81.35922330097087
2013-08-01,80.58252427184466
2013-08-02,81.74757281553399
2013-08-05,81.74757281553399
2013-08-06,81.35922330097087
2013-08-07,81.55339805825243
2013-08-08,81.55339805825243
2013-08-09,81.74757281553399
2013-08-13,78.64077669902912
2013-08-14,79.02912621359224
2013-08-15,78.64077669902912
2013-08-20,79.41747572815534
2013-08-21,79.80582524271846
2013-08-22,79.02912621359224
2013-08-23,79.80582524271846
2013-08-27,83.30097087378641
2013-08-28,82.52427184466019
2013-08-29,83.30097087378641
2013-08-30,82.71844660194175
2013-09-03,84.07766990291262
2013-09-04,82.91262135922331
2013-09-05,81.55339805825243
2013-09-06,82.33009708737865
2013-09-09,82.52427184466019
2013-09-10,81.35922330097087
2013-09-11,82.13592233009707
2013-09-12,81.35922330097087
2013-09-13,81.16504854368931
2013-09-16,81.16504854368931
2013-09-17,80.58252427184466
2013-09-18,81.74757281553399
2013-09-19,77.86407766990293
2013-09-20,76.69902912621359
2013-09-23,77.66990291262135
2013-09-24,78.44660194174757
2013-09-25,80.0
2013-09-26,80.19417475728154
2013-09-27,81.94174757281554
2013-09-30,83.30097087378641
2013-10-01,82.71844660194175
2013-10-02,81.94174757281554
2013-10-03,82.52427184466019
2013-10-04,80.97087378640776
2013-10-07,81.35922330097087
2013-10-08,81.16504854368931
2013-10-09,80.3883495145631
2013-10-10,80.3883495145631
2013-10-11,79.80582524271846
2013-10-14,80.19417475728154
2013-10-15,79.22330097087378
2013-10-16,80.3883495145631
2013-10-17,80.3883495145631
2013-10-18,80.0
2013-10-21,79.80582524271846
2013-10-22,79.6116504854369
2013-10-23,78.83495145631069
2013-10-24,79.02912621359224
2013-10-25,78.25242718446601
2013-10-28,77.0873786407767
2013-10-29,77.86407766990293
2013-10-30,77.66990291262135
2013-10-31,77.66990291262135
2013-11-01,77.66990291262135
2013-11-04,78.44660194174757
2013-11-05,78.64077669902912
2013-11-06,79.22330097087378
2013-11-07,79.80582524271846
2013-11-11,78.25242718446601
2013-11-12,77.47572815533981
2013-11-13,80.58252427184466
2013-11-14,79.22330097087378
2013-11-15,78.44660194174757
2013-11-19,77.47572815533981
2013-11-20,77.86407766990293
2013-11-26,79.41747572815534
2013-11-27,78.83495145631069
2013-11-29,79.02912621359224
2013-12-02,79.41747572815534
2013-12-03,80.19417475728154
2013-12-04,80.3883495145631
2013-12-05,79.41747572815534
2013-12-06,79.22330097087378
2013-12-09,79.22330097087378
2013-12-10,79.41747572815534
2013-12-11,77.86407766990293
2013-12-12,76.89320388349515
2013-12-13,76.31067961165047
2013-12-18,75.3398058252427
2013-12-19,74.5631067961165
2013-12-20,73.59223300970874
2013-12-23,73.00970873786407
2013-12-24,71.84466019417476
2013-12-26,71.65048543689319
2013-12-27,71.2621359223301
2013-12-30,72.03883495145631
2013-12-31,71.06796116504854
2014-01-02,71.45631067961165
2014-01-03,70.48543689320388
2014-01-07,71.45631067961165
2014-01-08,69.70873786407766
2014-01-09,69.90291262135922
2014-01-10,71.84466019417476
2014-01-13,72.23300970873787
2014-01-14,71.2621359223301
2014-01-15,70.67961165048543
2014-01-16,71.65048543689319
2014-01-17,71.84466019417476
2014-01-21,72.03883495145631
2014-01-22,71.06796116504854
2014-01-23,73.00970873786407
2014-01-24,73.98058252427184
2014-01-27,73.7864077669903
2014-01-28,74.75728155339806
2014-01-29,74.9514563106796
2014-01-30,75.14563106796118
2014-02-03,78.25242718446601
2014-02-04,77.0873786407767
2014-02-05,75.72815533980582
2014-02-11,72.42718446601941
2014-02-12,71.84466019417476
2014-02-19,71.2621359223301
2014-02-20,71.45631067961165
2014-02-24,71.2621359223301
2014-02-25,72.03883495145631
2014-03-07,70.87378640776699
2014-03-10,70.87378640776699
2014-03-11,69.90291262135922
2014-03-12,69.90291262135922
2014-03-13,70.09708737864078
2014-03-14,70.67961165048543
2014-03-17,71.65048543689319
2014-03-18,70.67961165048543
2014-03-19,71.06796116504854
2014-03-20,69.12621359223301
2014-03-21,68.34951456310681
2014-03-24,68.34951456310681
2014-03-25,68.34951456310681
2014-03-26,68.15533980582525
2014-03-27,68.93203883495146
2014-03-28,69.32038834951457
2014-03-31,68.34951456310681
2014-04-01,67.57281553398057
2014-04-02,67.18446601941747
2014-04-03,65.63106796116504
2014-04-04,65.0485436893204
2014-04-07,65.63106796116504
2014-04-08,64.46601941747574
2014-04-09,62.912621359223294
2014-04-10,66.40776699029128
2014-04-16,65.8252427184466
2014-04-17,65.24271844660194
2014-04-21,64.46601941747574
2014-04-22,65.24271844660194
2014-04-23,65.24271844660194
2014-04-24,64.85436893203882
2014-04-25,65.0485436893204
2014-04-28,65.0485436893204
2014-04-29,65.0485436893204
2014-04-30,65.0485436893204
2014-05-02,67.18446601941747
2014-05-05,67.18446601941747
2014-05-06,67.18446601941747
2014-05-07,66.40776699029128
2014-05-08,66.40776699029128
2014-05-09,66.99029126213593
2014-05-12,67.18446601941747
2014-05-13,65.63106796116504
2014-05-14,66.99029126213593
2014-05-15,68.54368932038835
2014-05-16,70.48543689320388
2014-05-19,69.51456310679612
2014-05-20,69.90291262135922
2014-05-21,70.29126213592234
2014-05-22,70.09708737864078
2014-05-23,69.70873786407766
2014-05-27,68.93203883495146
2014-05-28,69.51456310679612
2014-05-29,71.06796116504854
2014-05-30,71.65048543689319
2014-06-02,71.65048543689319
2014-06-04,69.12621359223301
2014-06-05,69.90291262135922
2014-06-06,69.51456310679612
2014-06-09,68.15533980582525
2014-06-11,64.27184466019418
2014-06-12,64.66019417475728
2014-06-13,64.66019417475728
2014-06-18,63.30097087378641
2014-06-19,63.883495145631066
2014-06-20,64.07766990291263
2014-06-23,63.689320388349515
2014-06-25,63.883495145631066
2014-06-26,62.912621359223294
2014-06-27,63.30097087378641
2014-06-30,63.49514563106796
2014-07-01,63.883495145631066
2014-07-02,63.49514563106796
2014-07-03,62.5242718446602
2014-07-07,62.13592233009708
2014-07-08,61.94174757281553
2014-07-09,62.5242718446602
2014-07-10,62.912621359223294
2014-07-11,62.912621359223294
2014-07-14,62.912621359223294
2014-07-15,62.5242718446602
2014-07-16,62.13592233009708
2014-07-17,62.13592233009708
2014-07-18,63.49514563106796
2014-07-21,62.912621359223294
2014-07-22,63.10679611650486
2014-07-23,62.912621359223294
2014-07-24,62.912621359223294
2014-07-25,62.33009708737865
2014-07-28,62.5242718446602
2014-07-29,62.5242718446602
2014-07-30,63.30097087378641
2014-07-31,62.71844660194175
2014-08-01,62.71844660194175
2014-08-04,64.07766990291263
2014-08-05,63.689320388349515
2014-08-06,63.49514563106796
2014-08-07,64.46601941747574
2014-08-08,66.2135922330097
2014-08-11,65.8252427184466
2014-08-12,66.01941747572816
2014-08-13,65.24271844660194
2014-08-14,66.79611650485437
2014-08-15,67.57281553398057
2014-08-18,69.51456310679612
2014-08-19,68.34951456310681
2014-08-20,67.57281553398057
2014-08-21,66.79611650485437
2014-08-22,66.60194174757281
2014-08-25,65.63106796116504
2014-08-26,64.85436893203882
2014-08-27,63.689320388349515
2014-08-28,65.24271844660194
2014-08-29,66.79611650485437
2014-09-02,67.57281553398057
2014-09-03,66.40776699029128
2014-09-04,66.40776699029128
2014-09-05,65.4368932038835
2014-09-08,64.85436893203882
2014-09-09,64.07766990291263
2014-09-10,63.30097087378641
2014-09-11,62.912621359223294
2014-09-12,62.71844660194175
2014-09-15,61.94174757281553
2014-09-16,62.5242718446602
2014-09-17,62.71844660194175
2014-09-18,61.165048543689316
2014-09-19,61.165048543689316
2014-09-22,61.359223300970875
2014-09-23,61.74757281553398
2014-09-24,62.33009708737865
2014-09-25,61.74757281553398
2014-09-26,62.33009708737865
2014-09-29,62.912621359223294
2014-09-30,63.689320388349515
2014-10-01,64.27184466019418
2014-10-02,66.01941747572816
2014-10-03,66.2135922330097
2014-10-06,64.85436893203882
2014-10-07,65.24271844660194
2014-10-08,66.99029126213593
2014-10-09,67.96116504854369
2014-10-15,75.14563106796118
2014-10-16,82.71844660194175
2014-10-17,80.58252427184466
2014-10-20,76.89320388349515
2014-10-21,76.50485436893204
2014-10-22,76.31067961165047
2014-10-23,76.69902912621359
2014-10-24,76.31067961165047
2014-10-27,75.72815533980582
2014-10-28,75.53398058252428
2014-10-29,74.17475728155341
2014-10-30,71.45631067961165
2014-10-31,70.87378640776699
2014-11-03,70.29126213592234
2014-11-04,70.29126213592234
2014-11-05,70.48543689320388
2014-11-06,68.7378640776699
2014-11-07,71.2621359223301
2014-11-10,69.90291262135922
2014-11-12,69.51456310679612
2014-11-13,70.09708737864078
2014-11-14,70.87378640776699
2014-11-17,70.48543689320388
2014-11-18,71.84466019417476
2014-11-19,70.67961165048543
2014-11-20,71.2621359223301
2014-11-21,71.2621359223301
2014-11-24,71.45631067961165
2014-11-25,72.81553398058253
2014-11-26,73.20388349514563
2014-11-28,75.3398058252427
2014-12-01,74.36893203883494
2014-12-02,72.42718446601941
2014-12-03,72.03883495145631
2014-12-04,73.20388349514563
2014-12-05,70.87378640776699
2014-12-08,71.45631067961165
2014-12-09,73.39805825242718
2014-12-10,75.92233009708738
2014-12-11,76.31067961165047
2014-12-12,81.74757281553399
2014-12-15,80.58252427184466
2014-12-16,82.71844660194175
2014-12-17,77.86407766990293
2014-12-18,76.11650485436894
2014-12-19,76.69902912621359
2014-12-22,76.11650485436894
2014-12-23,72.62135922330096
2014-12-24,72.03883495145631
2014-12-26,71.84466019417476
2014-12-29,74.5631067961165
2014-12-30,74.36893203883494
2014-12-31,74.9514563106796
2015-01-01,75.14563106796118
2015-01-02,76.69902912621359
2015-01-05,79.02912621359224
2015-01-06,84.27184466019418
2015-01-07,84.46601941747572
2015-01-08,82.71844660194175
2015-01-09,84.85436893203884
2015-01-12,88.15533980582524
2015-01-13,88.54368932038835
2015-01-14,91.84466019417475
2015-01-15,103.88349514563106
2015-01-16,94.75728155339806
2015-01-20,96.11650485436894
2015-01-21,89.70873786407768
2015-01-22,87.37864077669903
2015-01-23,88.54368932038835
2015-01-26,86.79611650485437
2015-01-27,86.40776699029125
2015-01-28,91.84466019417475
2015-01-29,90.09708737864077
2015-01-30,97.86407766990291
2015-02-02,96.50485436893204
2015-02-03,91.06796116504854
2015-02-04,93.98058252427184
2015-02-05,91.06796116504854
2015-02-06,83.49514563106796
2015-02-09,82.91262135922331
2015-02-10,82.71844660194175
2015-02-11,80.97087378640776
2015-02-12,82.71844660194175
2015-02-13,80.3883495145631
2015-02-17,78.25242718446601
2015-02-18,81.16504854368931
2015-02-19,81.35922330097087
2015-02-20,80.97087378640776
2015-02-23,83.49514563106796
2015-02-24,86.79611650485437
2015-02-25,86.79611650485437
2015-02-26,83.88349514563107
2015-02-27,85.63106796116506
2015-03-02,83.10679611650484
2015-03-03,81.35922330097087
2015-03-04,81.35922330097087
2015-03-05,81.35922330097087
2015-03-06,76.11650485436894
2015-03-09,76.11650485436894
2015-03-10,77.47572815533981
2015-03-11,78.44660194174757
2015-03-12,79.80582524271846
2015-03-13,80.58252427184466
2015-03-16,80.77669902912622
2015-03-17,81.74757281553399
2015-03-18,83.88349514563107
2015-03-19,90.67961165048544
2015-03-20,89.70873786407768
2015-03-23,91.65048543689322
2015-03-24,91.84466019417475
2015-03-25,93.20388349514563
2015-03-26,90.87378640776699
2015-03-27,87.96116504854369
2015-03-30,88.93203883495146
2015-03-31,88.93203883495146
2015-04-01,90.48543689320388
2015-04-02,93.39805825242719
2015-04-03,91.84466019417475
2015-04-06,94.75728155339806
2015-04-07,92.42718446601941
2015-04-08,90.87378640776699
2015-04-09,89.32038834951457
2015-04-10,86.01941747572816
2015-04-13,85.43689320388349
2015-04-14,86.60194174757282
2015-04-15,88.15533980582524
2015-04-16,88.54368932038835
2015-04-17,89.126213592233
2015-04-20,90.67961165048544
2015-04-21,89.51456310679612
2015-04-22,88.15533980582524
2015-04-23,85.8252427184466
2015-04-24,86.60194174757282
2015-04-27,89.126213592233
2015-04-28,88.54368932038835
2015-04-29,85.8252427184466
2015-04-30,84.66019417475728
2015-05-01,83.88349514563107
2015-05-04,81.74757281553399
2015-05-05,81.16504854368931
2015-05-06,79.6116504854369
2015-05-07,78.44660194174757
2015-05-08,79.02912621359224
2015-05-11,80.58252427184466
2015-05-12,76.11650485436894
2015-05-13,76.69902912621359
2015-05-14,76.11650485436894
2015-05-15,78.25242718446601
2015-05-18,80.77669902912622
2015-05-19,78.05825242718447
2015-05-20,76.11650485436894
2015-05-21,77.66990291262135
2015-05-22,79.02912621359224
2015-05-26,77.47572815533981
2015-05-27,79.41747572815534
2015-05-28,79.41747572815534
2015-05-29,79.41747572815534
2015-06-01,80.58252427184466
2015-06-02,79.6116504854369
2015-06-03,77.28155339805825
2015-06-04,74.75728155339806
2015-06-05,74.9514563106796
2015-06-08,72.81553398058253
2015-06-09,72.62135922330096
2015-06-10,71.2621359223301
2015-06-11,70.29126213592234
2015-06-12,71.84466019417476
2015-06-15,71.06796116504854
2015-06-16,71.45631067961165
2015-06-17,74.17475728155341
2015-06-18,73.98058252427184
2015-06-19,74.5631067961165
2015-06-22,77.66990291262135
2015-06-23,74.5631067961165
2015-06-24,73.00970873786407
2015-06-25,72.62135922330096
2015-06-26,72.03883495145631
2015-06-29,70.09708737864078
2015-06-30,74.75728155339806
2015-07-01,73.98058252427184
2015-07-02,72.23300970873787
2015-07-06,72.42718446601941
2015-07-07,76.11650485436894
2015-07-08,77.47572815533981
2015-07-09,80.3883495145631
2015-07-10,76.50485436893204
2015-07-13,74.5631067961165
2015-07-14,72.23300970873787
2015-07-15,73.39805825242718
2015-07-16,74.17475728155341
2015-07-17,72.81553398058253
2015-07-20,71.84466019417476
2015-07-21,70.87378640776699
2015-07-22,72.03883495145631
2015-07-23,72.03883495145631
2015-07-24,73.98058252427184
2015-07-27,75.3398058252427
2015-07-28,77.28155339805825
2015-07-29,76.31067961165047
2015-07-30,75.3398058252427
2015-07-31,76.31067961165047
2015-08-03,78.64077669902912
2015-08-04,80.77669902912622
2015-08-05,78.44660194174757
2015-08-06,76.11650485436894
2015-08-07,77.0873786407767
2015-08-10,77.47572815533981
2015-08-11,76.50485436893204
2015-08-12,79.80582524271846
2015-08-13,80.19417475728154
2015-08-14,78.25242718446601
2015-08-17,77.28155339805825
2015-08-18,77.66990291262135
2015-08-19,77.0873786407767
2015-08-20,79.6116504854369
2015-08-21,81.35922330097087
2015-08-24,84.85436893203884
2015-08-25,88.15533980582524
2015-08-26,86.79611650485437
2015-08-27,84.07766990291262
2015-08-28,82.71844660194175
2015-08-31,82.71844660194175
2015-09-01,81.55339805825243
2015-09-02,84.27184466019418
2015-09-03,83.10679611650484
2015-09-04,83.30097087378641
2015-09-08,84.46601941747572
2015-09-09,83.10679611650484
2015-09-10,83.49514563106796
2015-09-11,81.55339805825243
2015-09-14,81.94174757281554
2015-09-15,81.74757281553399
2015-09-16,79.02912621359224
2015-09-17,78.44660194174757
2015-09-18,80.77669902912622
2015-09-21,82.91262135922331
2015-09-22,81.16504854368931
2015-09-23,84.46601941747572
2015-09-24,84.07766990291262
2015-09-25,85.63106796116506
2015-09-28,84.85436893203884
2015-09-29,87.96116504854369
2015-09-30,92.03883495145631
2015-10-01,92.62135922330098
2015-10-02,90.87378640776699
2015-10-05,93.00970873786407
2015-10-06,89.32038834951457
2015-10-07,89.51456310679612
2015-10-08,87.37864077669903
2015-10-09,85.63106796116506
2015-10-12,85.43689320388349
2015-10-13,85.24271844660194
2015-10-14,88.15533980582524
2015-10-15,94.56310679611651
2015-10-16,90.87378640776699
2015-10-19,89.32038834951457
2015-10-20,90.09708737864077
2015-10-21,87.37864077669903
2015-10-22,88.93203883495146
2015-10-23,89.126213592233
2015-10-26,87.18446601941747
2015-10-27,88.93203883495146
2015-10-28,90.29126213592234
2015-10-29,87.18446601941747
2015-10-30,84.66019417475728
2015-11-02,84.46601941747572
2015-11-03,83.10679611650484
2015-11-04,82.52427184466019
2015-11-05,81.94174757281554
2015-11-06,77.66990291262135
2015-11-09,76.31067961165047
2015-11-10,76.69902912621359
2015-11-11,76.11650485436894
2015-11-12,77.28155339805825
2015-11-13,81.35922330097087
2015-11-16,80.97087378640776
2015-11-17,81.16504854368931
2015-11-18,80.58252427184466
2015-11-19,82.52427184466019
2015-11-20,82.52427184466019
2015-11-23,83.10679611650484
2015-11-24,82.33009708737865
2015-11-25,82.52427184466019
2015-11-27,83.88349514563107
2015-12-01,86.60194174757282
2015-12-02,83.88349514563107
2015-12-03,78.64077669902912
2015-12-04,79.6116504854369
2015-12-07,80.77669902912622
2015-12-08,81.16504854368931
2015-12-09,81.55339805825243
2015-12-10,79.22330097087378
2015-12-11,84.27184466019418
2015-12-14,82.13592233009707
2015-12-15,80.58252427184466
2015-12-16,77.66990291262135
2015-12-17,77.47572815533981
2015-12-18,77.0873786407767
2015-12-21,77.47572815533981
2015-12-23,75.53398058252428
2015-12-28,75.41747572815535
2015-12-29,73.00970873786407
2015-12-30,73.74757281553399
2016-01-04,76.52427184466019
2016-01-05,77.6504854368932
2016-01-06,80.97087378640776
2016-01-07,83.0873786407767
2016-01-08,86.2135922330097
2016-01-11,85.12621359223301
2016-01-12,88.64077669902912
2016-01-13,89.80582524271846
2016-01-14,91.4368932038835
2016-01-15,96.83495145631068
2016-01-19,95.37864077669902
2016-01-20,100.07766990291262
2016-01-21,96.75728155339806
2016-01-22,93.39805825242719
2016-01-25,95.74757281553399
2016-01-26,95.84466019417476
2016-01-27,94.91262135922331
2016-01-28,96.11650485436894
2016-01-29,101.53398058252428
2016-02-01,99.49514563106796
2016-02-02,109.57281553398057
2016-02-03,109.26213592233009
2016-02-04,110.99029126213591
2016-02-05,110.29126213592232
2016-02-08,119.74757281553399
2016-02-09,125.28155339805824
2016-02-10,133.8640776699029
2016-02-11,143.6504854368932
2016-02-12,128.36893203883494
2016-02-16,126.07766990291263
2016-02-17,117.53398058252426
2016-02-18,124.60194174757282
2016-02-19,123.92233009708737
2016-02-22,124.44660194174757
2016-02-23,129.41747572815535
2016-02-24,127.22330097087378
2016-02-25,133.04854368932038
2016-02-26,125.51456310679612
2016-02-29,127.78640776699031
2016-03-01,115.86407766990293
2016-03-02,113.45631067961166
2016-03-03,111.96116504854368
2016-03-04,106.99029126213593
2016-03-07,104.9126213592233
2016-03-08,112.77669902912622
2016-03-09,108.19417475728154
2016-03-10,103.70873786407766
2016-03-11,98.31067961165049
2016-03-14,98.31067961165049
2016-03-15,99.47572815533981
2016-03-16,97.2621359223301
2016-03-17,101.84466019417475
2016-03-18,102.56310679611651
2016-03-21,105.06796116504856
2016-03-22,101.78640776699031
2016-03-23,99.61165048543688
2016-03-24,103.30097087378643
2016-03-28,101.45631067961165
2016-03-29,103.32038834951456
2016-03-30,108.873786407767
2016-03-31,109.12621359223303
2016-04-01,113.18446601941747
2016-04-04,110.19417475728154
2016-04-05,113.32038834951457
2016-04-06,118.79611650485438
2016-04-07,114.4854368932039
2016-04-08,121.78640776699028
2016-04-11,116.69902912621359
2016-04-12,113.30097087378641
2016-04-13,113.30097087378641
2016-04-14,114.23300970873787
2016-04-15,111.41747572815535
2016-04-18,115.00970873786407
2016-04-19,114.33009708737865
2016-04-20,111.59223300970874
2016-04-21,106.21359223300972
2016-04-22,105.96116504854369
2016-04-25,103.00970873786409
2016-04-26,101.4368932038835
2016-04-27,99.86407766990291
2016-04-28,104.66019417475727
2016-04-29,106.19417475728154
2016-05-02,105.98058252427185
2016-05-03,103.24271844660196
2016-05-04,109.08737864077669
2016-05-05,111.4757281553398
2016-05-06,116.09708737864078
2016-05-09,112.7378640776699
2016-05-10,117.24271844660194
2016-05-11,115.94174757281554
2016-05-12,116.91262135922331
2016-05-13,113.8252427184466
2016-05-16,117.20388349514563
2016-05-17,112.62135922330097
2016-05-18,110.62135922330097
2016-05-19,105.26213592233009
2016-05-20,105.37864077669903
2016-05-23,105.72815533980584
2016-05-24,105.06796116504856
2016-05-25,102.13592233009709
2016-05-26,101.0873786407767
2016-05-27,103.51456310679612
2016-05-31,100.83495145631068
2016-06-01,102.33009708737863
2016-06-02,101.72815533980584
2016-06-03,104.46601941747574
2016-06-06,113.00970873786409
2016-06-07,109.63106796116504
2016-06-08,111.41747572815535
2016-06-09,112.40776699029126
2016-06-10,115.28155339805825
2016-06-13,120.66019417475728
2016-06-14,127.10679611650484
2016-06-15,124.87378640776699
2016-06-16,130.4466019417476
2016-06-17,130.4466019417476
2016-06-20,124.99029126213593
2016-06-21,116.54368932038837
2016-06-22,114.00000000000001
2016-06-23,116.15533980582524
2016-06-24,106.97087378640776
2016-06-27,129.6504854368932
2016-06-28,141.5728155339806
2016-06-29,135.88349514563106
2016-06-30,124.19417475728156
2016-07-01,129.55339805825244
2016-07-05,128.21359223300973
2016-07-06,136.87378640776697
2016-07-07,136.58252427184468
2016-07-08,135.82524271844662
2016-07-11,138.3883495145631
2016-07-12,126.87378640776699
2016-07-13,120.5631067961165
2016-07-14,125.37864077669903
2016-07-15,120.66019417475728
2016-07-18,120.97087378640776
2016-07-19,117.63106796116504
2016-07-20,118.00000000000001
2016-07-21,115.2621359223301
2016-07-22,115.72815533980582
2016-07-25,112.3495145631068
2016-07-26,111.5145631067961
2016-07-27,114.38834951456309
2016-07-28,118.71844660194175
2016-07-29,119.80582524271846
2016-08-01,125.0485436893204
2016-08-02,117.41747572815532
2016-08-03,116.79611650485438
2016-08-04,117.2233009708738
2016-08-05,120.1747572815534
2016-08-08,112.07766990291262
2016-08-09,111.59223300970874
2016-08-10,114.81553398058253
2016-08-11,117.33980582524272
2016-08-12,114.69902912621359
2016-08-15,117.68932038834951
2016-08-16,116.01941747572815
2016-08-17,114.25242718446601
2016-08-18,115.80582524271846
2016-08-19,117.43689320388349
2016-08-22,113.00970873786409
2016-08-23,115.59223300970874
2016-08-24,114.85436893203884
2016-08-25,113.4757281553398
2016-08-26,112.19417475728154
2016-08-29,106.07766990291263
2016-08-30,112.2135922330097
2016-08-31,111.86407766990291
2016-09-01,104.71844660194174
2016-09-02,110.79611650485437
2016-09-06,108.79611650485437
2016-09-07,115.32038834951457
2016-09-08,114.1747572815534
2016-09-09,108.93203883495146
2016-09-12,104.75728155339807
2016-09-13,107.26213592233009
2016-09-14,104.6990291262136
2016-09-15,105.8252427184466
2016-09-16,107.90291262135922
2016-09-19,106.81553398058253
2016-09-20,105.10679611650487
2016-09-21,105.80582524271844
2016-09-22,104.46601941747574
2016-09-23,102.33009708737863
2016-09-26,104.15533980582525
2016-09-27,107.20388349514562
2016-09-28,108.60194174757281
2016-09-29,106.64077669902913
2016-09-30,109.20388349514563
2016-10-03,106.05825242718446
2016-10-04,104.3883495145631
2016-10-05,101.26213592233009
2016-10-06,99.02912621359224
2016-10-07,97.18446601941747
2016-10-10,97.80582524271844
2016-10-11,97.80582524271844
2016-10-12,94.58252427184466
2016-10-13,94.93203883495146
2016-10-14,96.71844660194175
2016-10-17,93.65048543689319
2016-10-18,96.62135922330096
2016-10-19,98.19417475728154
2016-10-20,97.28155339805825
2016-10-21,94.89320388349513
2016-10-24,94.85436893203884
2016-10-25,92.48543689320388
2016-10-26,93.06796116504854
2016-10-27,91.20388349514563
2016-10-28,89.24271844660194
2016-10-31,90.29126213592234
2016-11-01,92.33009708737863
2016-11-02,93.18446601941747
2016-11-03,95.18446601941748
2016-11-04,95.80582524271846
2016-11-07,93.2621359223301
2016-11-08,88.42718446601941
2016-11-09,81.76699029126213
2016-11-10,83.39805825242719
2016-11-14,81.7864077669903
2016-11-15,81.12621359223301
2016-11-16,82.67961165048543
2016-11-17,81.30097087378641
2016-11-18,79.88349514563107
2016-11-21,83.14563106796116
2016-11-22,81.12621359223301
2016-11-23,80.36893203883496
2016-11-28,81.90291262135922
2016-11-29,81.63106796116504
2016-11-30,80.56310679611651
2016-12-01,81.28155339805825
2016-12-02,81.7864077669903
2016-12-05,82.07766990291263
2016-12-06,80.83495145631069
2016-12-07,81.08737864077669
2016-12-08,78.71844660194175
2016-12-09,77.57281553398059
2016-12-12,78.29126213592234
2016-12-13,78.25242718446601
2016-12-14,80.27184466019418
2016-12-15,73.20388349514563
2016-12-16,73.80582524271844
2016-12-19,74.83495145631068
2016-12-20,74.01941747572816
2016-12-21,74.36893203883494
2016-12-22,72.89320388349513
2016-12-27,71.65048543689319
2016-12-28,73.0873786407767
2016-12-29,74.09708737864077
2017-01-03,75.7864077669903
2017-01-04,76.23300970873787
2017-01-05,78.07766990291263
2017-01-06,74.60194174757282
2017-01-10,74.42718446601941
2017-01-11,74.46601941747572
2017-01-12,75.16504854368932
2017-01-13,73.94174757281553
2017-01-17,77.32038834951457
2017-01-18,73.47572815533981
2017-01-19,72.01941747572816
2017-01-20,72.29126213592232
2017-01-23,73.84466019417476
2017-01-24,72.3495145631068
2017-01-25,71.12621359223301
2017-01-26,71.02912621359224
2017-01-27,71.06796116504854
2017-01-30,71.43689320388349
2017-01-31,72.46601941747572
2017-02-01,71.66990291262135
2017-02-02,71.88349514563107
2017-02-03,70.60194174757282
2017-02-06,72.50485436893204
2017-02-07,72.93203883495146
2017-02-08,75.2621359223301
2017-02-09,73.04854368932038
2017-02-10,72.2135922330097
2017-02-13,71.16504854368931
2017-02-14,69.41747572815534
2017-02-15,68.1747572815534
2017-02-16,69.72815533980582
2017-02-17,70.03883495145631
2017-02-21,69.14563106796116
2017-02-22,70.19417475728154
2017-02-23,70.99029126213593
2017-02-24,72.83495145631068
2017-02-27,71.02912621359224
2017-02-28,69.0485436893204
2017-03-01,67.98058252427184
2017-03-02,67.10679611650487
2017-03-03,65.94174757281553
2017-03-06,65.51456310679612
2017-03-07,65.00970873786407
2017-03-08,64.13592233009709
2017-03-09,62.912621359223294
2017-03-10,62.834951456310684
2017-03-13,62.834951456310684
2017-03-14,61.689320388349515
2017-03-15,61.30097087378641
2017-03-16,64.36893203883494
2017-03-17,60.95145631067961
2017-03-20,61.28155339805825
2017-03-21,62.25242718446602
2017-03-22,64.05825242718447
2017-03-23,64.79611650485437
2017-03-24,64.19417475728156
2017-03-27,63.844660194174764
2017-03-28,65.55339805825243
2017-03-29,63.53398058252427
2017-03-30,64.13592233009709
2017-03-31,62.213592233009706
2017-04-03,63.30097087378641
2017-04-04,65.57281553398059
2017-04-05,64.71844660194175
2017-04-06,65.70873786407768
2017-04-07,65.4368932038835
2017-04-10,63.747572815533985
2017-04-11,64.75728155339806
2017-04-12,67.70873786407766
2017-04-13,70.83495145631066
2017-04-17,70.50485436893204
2017-04-18,69.92233009708737
2017-04-19,72.15533980582524
2017-04-20,72.09708737864078
2017-04-21,71.00970873786407
2017-04-24,70.77669902912622
2017-04-25,68.2135922330097
2017-04-26,66.15533980582524
2017-04-27,66.2135922330097
2017-04-28,65.84466019417475
2017-05-01,66.66019417475728
2017-05-02,65.61165048543688
2017-05-03,66.23300970873787
2017-05-04,65.16504854368932
2017-05-05,64.25242718446601
2017-05-08,63.61165048543689
2017-05-09,62.019417475728154
2017-05-10,61.359223300970875
2017-05-11,61.728155339805824
2017-05-12,61.961165048543684
2017-05-15,63.980582524271846
2017-05-16,64.19417475728156
2017-05-17,64.42718446601941
2017-05-18,70.11650485436893
2017-05-19,68.60194174757281
2017-05-22,67.47572815533981
2017-05-23,66.1747572815534
2017-05-24,65.66990291262135
2017-05-25,65.86407766990293
2017-05-26,64.9126213592233
2017-05-29,64.46601941747574
2017-05-30,64.46601941747574
2017-05-31,66.46601941747572
2017-06-01,66.89320388349516
2017-06-02,66.64077669902912
2017-06-05,68.11650485436893
2017-06-06,66.81553398058252
2017-06-07,67.94174757281553
2017-06-08,66.9514563106796
2017-06-09,66.67961165048546
2017-06-12,65.30097087378641
2017-06-13,65.28155339805825
2017-06-14,63.96116504854369
2017-06-15,66.85436893203884
2017-06-16,65.02912621359224
2017-06-19,65.8252427184466
2017-06-20,64.46601941747574
2017-06-21,65.86407766990293
2017-06-22,66.05825242718447
2017-06-23,67.65048543689322
2017-06-26,67.0485436893204
2017-06-27,67.0485436893204
2017-06-28,65.59223300970875
2017-06-29,65.37864077669904
2017-06-30,64.34951456310681
2017-07-03,62.95145631067961
2017-07-04,61.57281553398059
2017-07-05,61.55339805825243
2017-07-06,62.40776699029126
2017-07-07,61.24271844660194
2017-07-10,60.71844660194174
2017-07-11,61.39805825242719
2017-07-12,62.23300970873786
2017-07-13,62.79611650485437
2017-07-14,61.728155339805824
2017-07-17,61.57281553398059
2017-07-18,61.57281553398059
2017-07-19,63.04854368932039
2017-07-20,61.864077669902905
2017-07-21,61.45631067961165
2017-07-24,62.23300970873786
2017-07-25,62.174757281553404
2017-07-26,61.184466019417485
2017-07-27,61.864077669902905
2017-07-28,61.126213592233015
2017-07-31,61.70873786407767
2017-08-01,61.70873786407767
2017-08-02,62.75728155339806
2017-08-03,61.844660194174764
2017-08-04,62.5242718446602
2017-08-07,61.37864077669902
2017-08-08,61.90291262135922
2017-08-09,61.864077669902905
2017-08-10,62.66019417475729
2017-08-11,65.0873786407767
2017-08-14,66.05825242718447
2017-08-15,64.48543689320388
2017-08-16,62.03883495145631
2017-08-17,63.37864077669904
2017-08-18,64.31067961165049
2017-08-21,63.65048543689321
2017-08-22,64.36893203883494
2017-08-23,63.43689320388349
2017-08-24,66.01941747572816
2017-08-25,65.37864077669904
2017-08-28,65.10679611650487
2017-08-29,65.74757281553399
2017-08-30,67.28155339805825
2017-08-31,66.87378640776699
2017-09-01,67.2621359223301
2017-09-05,64.93203883495146
2017-09-06,69.8640776699029
2017-09-07,67.41747572815534
2017-09-08,70.19417475728154
2017-09-11,69.30097087378641
2017-09-12,65.86407766990293
2017-09-13,64.64077669902912
2017-09-14,63.51456310679612
2017-09-15,62.77669902912621
2017-09-18,61.66990291262137
2017-09-19,60.91262135922331
2017-09-20,60.077669902912625
2017-09-21,58.38834951456311
2017-09-22,57.92233009708737
2017-09-25,58.97087378640777
2017-09-26,60.271844660194176
2017-09-27,59.495145631067956
2017-09-28,58.174757281553404
2017-09-29,58.50485436893204
2017-10-02,57.74757281553398
2017-10-03,58.174757281553404
2017-10-04,58.64077669902913
2017-10-05,58.67961165048543
2017-10-06,58.252427184466015
2017-10-09,57.7864077669903
2017-10-10,57.7864077669903
2017-10-11,58.00000000000001
2017-10-12,57.92233009708737
2017-10-13,58.27184466019418
2017-10-16,58.9514563106796
2017-10-17,57.66990291262136
2017-10-18,57.72815533980583
2017-10-19,57.009708737864074
2017-10-20,58.48543689320389
2017-10-23,57.32038834951456
2017-10-24,58.42718446601942
2017-10-25,57.456310679611654
2017-10-26,58.699029126213595
2017-10-27,59.04854368932039
2017-10-30,59.203883495145625
2017-10-31,59.359223300970875
2017-11-01,58.83495145631068
2017-11-02,58.252427184466015
2017-11-03,56.81553398058252
2017-11-06,55.98058252427184
2017-11-07,55.592233009708735
2017-11-08,54.66019417475728
2017-11-09,55.33980582524271
2017-11-10,54.42718446601942
2017-11-13,53.94174757281554
2017-11-14,53.980582524271846
2017-11-15,55.06796116504854
2017-11-16,53.28155339805826
2017-11-17,53.689320388349515
2017-11-20,52.737864077669904
2017-11-21,51.90291262135922
2017-11-22,52.3883495145631
2017-11-24,51.86407766990292
2017-11-27,51.76699029126214
2017-11-28,51.28155339805826
2017-11-29,50.796116504854375
2017-11-30,49.883495145631066
2017-12-01,51.747572815533985
2017-12-04,50.893203883495154
2017-12-05,50.50485436893204
2017-12-06,50.19417475728155
2017-12-07,49.76699029126214
2017-12-08,49.22330097087379
2017-12-11,48.77669902912621
2017-12-12,48.0
2017-12-13,49.029126213592235
2017-12-14,47.825242718446596
2017-12-15,47.92233009708738
2017-12-18,47.456310679611654
2017-12-19,46.81553398058252
2017-12-20,46.582524271844655
2017-12-21,46.99029126213592
2017-12-26,47.06796116504854
2017-12-27,47.55339805825242
2017-12-28,46.97087378640777
2018-01-01,47.70873786407767
2018-01-02,47.28155339805826
2018-01-03,47.24271844660194
2018-01-04,46.737864077669904
2018-01-05,46.13592233009709
2018-01-08,45.86407766990291
2018-01-09,45.80582524271845
2018-01-10,45.82524271844661
2018-01-11,45.45631067961165
2018-01-12,44.67961165048544
2018-01-16,44.291262135922324
2018-01-17,43.32038834951456
2018-01-18,43.786407766990294
2018-01-19,44.09708737864078
2018-01-22,43.398058252427184
2018-01-23,44.42718446601941
2018-01-24,44.50485436893204
2018-01-25,45.029126213592235
2018-01-26,45.9611650485437
2018-01-29,47.10679611650485
2018-01-30,46.95145631067961
2018-01-31,46.543689320388346
2018-02-01,46.44660194174758
2018-02-02,46.543689320388346
2018-02-05,49.32038834951456
2018-02-06,48.640776699029125
2018-02-07,47.92233009708738
2018-02-08,49.45631067961165
2018-02-09,49.12621359223301
2018-02-12,49.30097087378641
2018-02-13,49.57281553398059
2018-02-14,48.46601941747573
2018-02-15,47.883495145631066
2018-02-16,46.62135922330097
2018-02-20,45.53398058252427
2018-02-21,44.019417475728154
2018-02-22,44.291262135922324
2018-02-23,45.74757281553398
2018-02-26,46.19417475728155
2018-02-27,45.76699029126214
2018-02-28,46.019417475728154
2018-03-01,47.66990291262136
2018-03-02,47.4757281553398
2018-03-05,47.61165048543689
2018-03-06,47.61165048543689
2018-03-07,47.80582524271845
2018-03-08,47.28155339805826
2018-03-09,46.42718446601942
2018-03-12,46.42718446601942
2018-03-13,45.94174757281554
2018-03-14,45.37864077669903
2018-03-15,45.94174757281554
2018-03-16,46.40776699029126
2018-03-19,46.213592233009706
2018-03-20,46.15533980582524
2018-03-21,45.592233009708735
2018-03-22,44.349514563106794
2018-03-23,45.47572815533981
2018-03-26,45.9611650485437
2018-03-27,45.0873786407767
2018-03-28,47.650485436893206
2018-03-29,47.28155339805826
2018-04-02,47.76699029126214
2018-04-03,48.19417475728155
2018-04-04,46.89320388349515
2018-04-05,45.82524271844661
2018-04-06,45.06796116504855
2018-04-09,46.13592233009709
2018-04-10,45.43689320388349
2018-04-11,44.83495145631068
2018-04-12,44.69902912621359
2018-04-13,44.213592233009706
2018-04-16,43.94174757281553
2018-04-17,43.4757281553398
2018-04-18,42.0
2018-04-19,42.019417475728154
2018-04-20,41.650485436893206
2018-04-23,41.650485436893206
2018-04-24,41.74757281553398
2018-04-25,41.80582524271845
2018-04-26,42.05825242718447
2018-04-27,41.51456310679612
2018-04-30,40.640776699029125
2018-05-01,40.33009708737864
2018-05-02,40.36893203883495
2018-05-03,39.70873786407767
2018-05-04,39.90291262135923
2018-05-07,39.398058252427184
2018-05-08,39.300970873786405
2018-05-09,39.592233009708735
2018-05-10,39.68932038834952
2018-05-11,39.4757281553398
2018-05-14,39.650485436893206
2018-05-15,39.43689320388349
2018-05-16,39.53398058252427
2018-05-17,39.70873786407767
2018-05-18,39.650485436893206
2018-05-21,40.213592233009706
2018-05-22,40.13592233009709
2018-05-23,40.56310679611651
2018-05-24,41.41747572815533
2018-05-25,41.28155339805826
2018-05-29,42.29126213592233
2018-05-30,49.4368932038835
2018-05-31,47.14563106796117
2018-06-01,47.18446601941748
2018-06-04,45.20388349514563
2018-06-05,43.4757281553398
2018-06-06,43.86407766990291
2018-06-07,43.786407766990294
2018-06-08,44.66019417475729
2018-06-11,44.83495145631068
2018-06-12,44.54368932038835
2018-06-13,43.37864077669903
2018-06-14,41.980582524271846
2018-06-15,42.13592233009709
2018-06-18,42.349514563106794
2018-06-19,42.271844660194176
2018-06-20,42.970873786407765
2018-06-21,42.77669902912621
2018-06-22,43.57281553398059
2018-06-25,43.728155339805824
2018-06-26,44.310679611650485
2018-06-27,44.07766990291262
2018-06-28,45.32038834951456
2018-06-29,45.029126213592235
2018-07-02,44.46601941747573
2018-07-03,44.07766990291262
2018-07-05,44.407766990291265
2018-07-06,44.75728155339806
2018-07-09,44.69902912621359
2018-07-10,44.155339805825236
2018-07-11,44.50485436893204
2018-07-12,44.66019417475729
2018-07-13,43.63106796116505
2018-07-16,44.038834951456316
2018-07-17,43.41747572815534
2018-07-18,42.89320388349515
2018-07-19,42.50485436893204
2018-07-20,43.41747572815534
2018-07-23,43.00970873786408
2018-07-24,42.89320388349515
2018-07-25,42.48543689320388
2018-07-26,41.63106796116505
2018-07-27,42.077669902912625
2018-07-30,41.980582524271846
2018-07-31,41.94174757281554
2018-08-01,41.650485436893206
2018-08-02,41.37864077669903
2018-08-03,41.55339805825242
2018-08-06,41.90291262135922
2018-08-07,42.09708737864077
2018-08-08,41.70873786407767
2018-08-09,41.980582524271846
2018-08-10,42.25242718446602
2018-08-13,43.8252427184466
2018-08-14,43.90291262135923
2018-08-15,43.12621359223301
2018-08-16,44.038834951456316
2018-08-17,43.86407766990291
2018-08-20,44.019417475728154
2018-08-21,45.04854368932038
2018-08-22,44.67961165048544
2018-08-23,45.32038834951456
2018-08-24,45.76699029126214
2018-08-27,45.398058252427184
2018-08-28,44.89320388349515
2018-08-29,44.77669902912621
2018-08-30,44.05825242718447
2018-08-31,44.67961165048544
2018-09-04,45.029126213592235
2018-09-05,44.54368932038835
2018-09-06,44.271844660194176
2018-09-07,44.601941747572816
2018-09-10,43.16504854368932
2018-09-11,43.00970873786408
2018-09-12,42.29126213592233
2018-09-13,41.84466019417476
2018-09-14,41.53398058252427
2018-09-17,40.99029126213592
2018-09-18,40.99029126213592
2018-09-19,40.640776699029125
2018-09-20,40.601941747572816
2018-09-21,40.446601941747566
2018-09-24,40.27184466019417
2018-09-25,40.42718446601942
2018-09-26,40.13592233009709
2018-09-27,40.446601941747566
2018-09-28,39.961165048543684
2018-10-01,39.94174757281554
2018-10-02,39.76699029126214
2018-10-03,40.019417475728154
2018-10-04,40.15533980582524
2018-10-05,40.5242718446602
2018-10-08,40.077669902912625
2018-10-09,40.077669902912625
2018-10-10,39.980582524271846
2018-10-11,41.61165048543689
2018-10-12,41.203883495145625
2018-10-15,40.796116504854375
2018-10-16,40.93203883495145
2018-10-17,40.29126213592233
2018-10-18,39.51456310679612
2018-10-19,39.90291262135923
2018-10-22,39.06796116504855
2018-10-23,39.0873786407767
2018-10-24,40.038834951456316
2018-10-25,41.961165048543684
2018-10-26,42.03883495145631
2018-10-29,44.1747572815534
2018-10-30,44.155339805825236
2018-10-31,43.8252427184466
2018-11-01,43.12621359223301
2018-11-02,43.28155339805825
2018-11-05,42.42718446601942
2018-11-06,41.980582524271846
2018-11-07,41.4757281553398
2018-11-08,40.25242718446602
2018-11-09,40.46601941747573
2018-11-13,41.22330097087379
2018-11-14,42.0
2018-11-15,43.029126213592235
2018-11-16,44.5242718446602
2018-11-19,45.37864077669903
2018-11-20,45.398058252427184
2018-11-21,45.00970873786408
2018-11-26,44.9126213592233
2018-11-27,44.990291262135926
2018-11-28,44.75728155339806
2018-11-29,44.601941747572816
2018-11-30,45.262135922330096
2018-12-03,44.81553398058252
2018-12-04,46.0
2018-12-06,47.59223300970874
2018-12-07,48.15533980582524
2018-12-10,49.92233009708738
2018-12-11,48.95145631067962
2018-12-12,47.59223300970874
2018-12-13,47.14563106796117
2018-12-14,47.55339805825242
2018-12-17,48.13592233009709
2018-12-18,50.29126213592233
2018-12-19,49.80582524271844
2018-12-20,49.53398058252427
2018-12-21,50.85436893203884
2018-12-26,51.922330097087375
2018-12-27,54.66019417475728
2018-12-28,54.95145631067962
2019-01-02,55.96116504854369
2019-01-03,58.09708737864078
2019-01-04,55.98058252427184
2019-01-07,53.94174757281554
2019-01-08,52.077669902912625
2019-01-09,51.631067961165044
2019-01-10,51.24271844660194
2019-01-11,51.37864077669904
2019-01-14,51.689320388349515
2019-01-15,50.56310679611651
2019-01-16,50.11650485436893
2019-01-17,49.76699029126214
2019-01-18,48.38834951456311
2019-01-22,50.213592233009706
2019-01-23,50.155339805825236
2019-01-24,50.40776699029126
2019-01-25,48.89320388349515
2019-01-28,49.30097087378641
2019-01-29,49.708737864077676
2019-01-30,49.45631067961165
2019-01-31,49.689320388349515
2019-02-01,47.86407766990291
2019-02-04,46.81553398058252
2019-02-05,46.95145631067961
2019-02-06,46.50485436893204
2019-02-07,47.59223300970874
2019-02-08,48.271844660194176
2019-02-11,47.80582524271845
2019-02-12,47.18446601941748
2019-02-13,46.29126213592233
2019-02-14,46.640776699029125
2019-02-15,45.49514563106796
2019-02-19,46.5242718446602
2019-02-20,46.29126213592233
2019-02-21,45.66990291262136
2019-02-22,46.44660194174758
2019-02-25,46.46601941747573
2019-02-26,46.93203883495146
2019-02-27,46.15533980582524
2019-02-28,45.37864077669903
2019-03-01,45.37864077669903
2019-03-04,45.80582524271845
2019-03-05,45.32038834951456
2019-03-06,45.12621359223301
2019-03-07,46.42718446601942
2019-03-08,46.50485436893204
2019-03-11,46.50485436893204
2019-03-12,45.80582524271845
2019-03-13,46.42718446601942
2019-03-14,45.82524271844661
2019-03-15,45.14563106796117
2019-03-18,45.49514563106796
2019-03-19,44.81553398058252
2019-03-20,44.0
2019-03-21,45.029126213592235
2019-03-22,45.0873786407767
2019-03-25,50.640776699029125
2019-03-26,56.291262135922324
2019-03-27,53.47572815533981
2019-03-28,58.174757281553404
2019-03-29,54.873786407766985
2019-04-01,53.28155339805826
2019-04-02,50.1747572815534
2019-04-03,50.640776699029125
2019-04-04,48.95145631067962
2019-04-05,48.17475728155339
2019-04-08,48.17475728155339
2019-04-09,47.22330097087379
2019-04-10,49.04854368932039
2019-04-11,49.90291262135923
2019-04-12,48.77669902912621
2019-04-15,47.94174757281554
2019-04-16,47.43689320388349
2019-04-17,46.174757281553404
2019-04-18,46.40776699029126
2019-04-22,45.18446601941747
2019-04-23,45.68932038834952
2019-04-24,49.12621359223301
2019-04-25,51.165048543689316
2019-04-26,50.40776699029126
2019-04-29,51.35922330097087
2019-04-30,49.80582524271844
2019-05-01,50.737864077669904
2019-05-02,49.53398058252427
2019-05-03,47.262135922330096
2019-05-06,47.24271844660194
2019-05-07,49.49514563106796
2019-05-08,52.873786407766985
2019-05-09,50.77669902912621
2019-05-10,52.46601941747573
2019-05-13,51.029126213592235
2019-05-14,56.03883495145631
2019-05-15,55.4368932038835
2019-05-16,58.019417475728154
2019-05-17,57.262135922330096
2019-05-20,58.05825242718446
2019-05-21,57.63106796116505
2019-05-22,56.640776699029125
2019-05-23,58.03883495145631
2019-05-24,61.70873786407767
2019-05-28,62.05825242718447
2019-05-29,66.29126213592234
2019-05-30,65.2621359223301
2019-05-31,65.61165048543688
2019-06-03,73.66990291262135
2019-06-04,78.2135922330097
2019-06-05,73.68932038834953
2019-06-06,74.44660194174759
2019-06-07,70.44660194174757
2019-06-10,70.42718446601943
2019-06-11,67.47572815533981
2019-06-12,67.98058252427184
2019-06-13,71.41747572815534
2019-06-14,77.63106796116504
2019-06-17,81.14563106796116
2019-06-18,77.7864077669903
2019-06-19,79.39805825242718
2019-06-20,77.98058252427184
2019-06-21,77.02912621359224
2019-06-24,76.15533980582524
2019-06-25,79.35922330097087
2019-06-26,82.19417475728154
2019-06-27,76.54368932038835
2019-06-28,77.126213592233
2019-07-01,74.75728155339806
2019-07-02,73.10679611650485
2019-07-03,76.34951456310681
2019-07-05,76.9126213592233
2019-07-08,71.57281553398059
2019-07-09,71.8252427184466
2019-07-10,70.67961165048543
2019-07-11,70.97087378640776
2019-07-12,67.86407766990293
2019-07-15,69.51456310679612
2019-07-16,71.30097087378641
2019-07-17,69.98058252427184
2019-07-18,73.0873786407767
2019-07-19,75.57281553398059
2019-07-22,73.51456310679612
2019-07-23,73.16504854368931
2019-07-24,71.63106796116506
2019-07-25,73.59223300970874
2019-07-26,70.77669902912622
2019-07-29,70.13592233009707
2019-07-30,69.7864077669903
2019-07-31,70.01941747572816
2019-08-01,69.53398058252428
2019-08-02,80.89320388349513
2019-08-05,83.02912621359224
2019-08-06,103.22330097087378
2019-08-07,98.2135922330097
2019-08-08,98.3495145631068
2019-08-09,97.66990291262135
2019-08-12,94.33009708737863
2019-08-13,104.23300970873785
2019-08-14,93.49514563106796
2019-08-15,105.3009708737864
2019-08-16,115.80582524271846
2019-08-19,108.13592233009707
2019-08-20,101.28155339805825
2019-08-21,105.41747572815534
2019-08-22,101.6893203883495
2019-08-23,96.52427184466019
2019-08-26,108.48543689320387
2019-08-27,107.7864077669903
2019-08-28,114.85436893203884
2019-08-29,116.50485436893203
2019-08-30,113.06796116504853
2019-09-03,115.86407766990293
2019-09-04,122.21359223300969
2019-09-05,121.18446601941746
2019-09-06,86.54368932038835
2019-09-09,107.49514563106797
2019-09-10,100.7766990291262
2019-09-11,95.37864077669902
2019-09-12,94.2135922330097
2019-09-13,89.2233009708738
2019-09-16,83.00970873786407
2019-09-17,86.93203883495147
2019-09-18,87.74757281553399
2019-09-19,86.01941747572816
2019-09-20,86.09708737864078
2019-09-23,91.53398058252428
2019-09-24,91.70873786407766
2019-09-25,99.92233009708738
2019-09-26,92.89320388349516
2019-09-27,94.77669902912622
2019-09-30,95.35922330097087
2019-10-01,95.35922330097087
2019-10-02,100.56310679611651
2019-10-03,105.8252427184466
2019-10-04,112.25242718446601
2019-10-07,110.42718446601943
2019-10-08,107.06796116504856
2019-10-09,111.74757281553399
2019-10-10,105.74757281553397
2019-10-11,97.92233009708737
2019-10-14,93.0485436893204
2019-10-15,93.0485436893204
2019-10-16,89.35922330097088
2019-10-17,91.80582524271846
2019-10-18,90.50485436893204
2019-10-21,90.23300970873787
2019-10-22,86.31067961165049
2019-10-23,88.2135922330097
2019-10-24,87.3398058252427
2019-10-25,86.6601941747573
2019-10-28,84.25242718446601
2019-10-29,81.59223300970875
2019-10-30,81.12621359223301
2019-10-31,83.6116504854369
2019-11-01,90.0
2019-11-04,82.25242718446601
2019-11-05,78.83495145631069
2019-11-06,80.85436893203884
2019-11-07,76.0
2019-11-08,74.69902912621359
2019-11-12,75.74757281553399
2019-11-13,77.90291262135922
2019-11-14,81.51456310679612
2019-11-15,80.60194174757281
2019-11-18,82.48543689320388
2019-11-19,84.58252427184466
2019-11-20,89.14563106796116
2019-11-21,86.97087378640776
2019-11-22,87.39805825242718
2019-11-25,86.97087378640776
2019-11-26,88.15533980582524
2019-11-27,84.66019417475728
2019-12-02,81.33980582524272
2019-12-03,89.96116504854369
2019-12-04,85.72815533980582
2019-12-05,84.42718446601941
2019-12-06,82.60194174757281
2019-12-09,81.51456310679612
2019-12-10,79.74757281553399
2019-12-11,81.02912621359224
2019-12-12,73.98058252427184
2019-12-13,77.39805825242718
2019-12-16,73.24271844660194
2019-12-17,73.00970873786407
2019-12-18,70.42718446601943
2019-12-19,70.56310679611651
2019-12-20,70.23300970873787
2019-12-23,70.29126213592234
2019-12-26,71.28155339805825
2019-12-27,72.1747572815534
2019-12-30,71.94174757281553
2020-01-02,72.60194174757282
2020-01-03,78.1359223300971
2020-01-06,79.33980582524272
2020-01-07,78.54368932038835
2020-01-08,76.36893203883494
2020-01-09,74.6601941747573
2020-01-10,73.8252427184466
2020-01-13,72.62135922330096
2020-01-14,73.24271844660194
2020-01-15,75.72815533980582
2020-01-16,73.06796116504854
2020-01-17,72.7378640776699
2020-01-21,76.52427184466019
2020-01-22,76.69902912621359
2020-01-23,79.41747572815534
2020-01-24,83.10679611650484
2020-01-27,92.1359223300971
2020-01-28,87.06796116504854
2020-01-29,93.02912621359224
2020-01-30,95.00970873786407
2020-01-31,103.20388349514562
2020-02-03,100.85436893203882
2020-02-04,91.7864077669903
2020-02-05,86.54368932038835
2020-02-06,85.14563106796118
2020-02-07,91.65048543689322
2020-02-10,95.55339805825243
2020-02-11,92.40776699029128
2020-02-12,88.11650485436894
2020-02-13,89.37864077669903
2020-02-14,91.41747572815534
2020-02-18,95.10679611650484
2020-02-19,93.90291262135922
2020-02-20,97.84466019417476
2020-02-21,104.6019417475728
2020-02-24,118.71844660194175
2020-02-25,121.59223300970874
2020-02-26,116.13592233009709
2020-02-27,124.27184466019416
2020-02-28,146.50485436893203
2020-03-02,128.873786407767
2020-03-03,157.8252427184466
2020-03-04,144.33009708737862
2020-03-05,172.1359223300971
2020-03-06,179.8252427184466
2020-03-09,179.8252427184466
2020-03-10,251.28155339805826
2020-03-11,177.0873786407767
2020-03-12,182.7378640776699
2020-03-13,232.38834951456312
2020-03-16,173.41747572815532
2020-03-17,217.7864077669903
2020-03-18,160.93203883495144
2020-03-19,165.30097087378638
2020-03-20,201.0873786407767
2020-03-23,256.97087378640776
2020-03-24,293.3203883495146
2020-03-25,224.79611650485438
2020-03-26,199.76699029126212
2020-03-27,204.95145631067962
2020-03-30,277.5339805825243
2020-03-31,231.00970873786406
2020-04-01,250.7766990291262
2020-04-02,235.28155339805826
2020-04-03,224.99029126213594
2020-04-06,215.76699029126215
2020-04-07,190.07766990291262
2020-04-08,177.94174757281553
2020-04-09,176.79611650485435
2020-04-13,184.97087378640776
2020-04-14,170.1747572815534
2020-04-15,180.85436893203882
2020-04-16,226.75728155339806
2020-04-17,226.50485436893203
2020-04-20,221.99999999999997
2020-04-21,221.0485436893204
2020-04-22,241.94174757281553
2020-04-23,221.9611650485437
2020-04-24,226.33009708737865
2020-04-27,205.3009708737864
2020-04-28,188.3495145631068
2020-04-29,198.95145631067962
2020-04-30,198.31067961165047
2020-05-01,193.18446601941744
2020-05-04,200.9902912621359
2020-05-05,195.61165048543688
2020-05-06,187.98058252427185
2020-05-07,190.44660194174756
2020-05-08,253.495145631068
2020-05-11,239.7281553398058
2020-05-12,236.7572815533981
2020-05-13,259.66990291262135
2020-05-14,256.1359223300971
2020-05-15,270.6019417475729
2020-05-18,245.3203883495146
2020-05-19,215.99999999999997
2020-05-20,227.59223300970874
2020-05-21,229.72815533980585
2020-05-22,217.16504854368935
2020-05-26,196.15533980582524
2020-05-27,208.89320388349515
2020-05-28,207.33980582524273
2020-05-29,203.51456310679615
2020-06-01,222.5631067961165
2020-06-02,224.5242718446602
2020-06-03,210.95145631067962
2020-06-04,193.18446601941744
2020-06-05,171.72815533980582
2020-06-08,151.6116504854369
2020-06-09,157.39805825242718
2020-06-10,176.9126213592233
2020-06-11,200.07766990291262
2020-06-12,220.97087378640774
2020-06-15,206.62135922330097
2020-06-16,201.72815533980582
2020-06-17,202.89320388349515
2020-06-18,204.73786407766988
2020-06-19,208.99029126213594
2020-06-22,209.02912621359224
2020-06-23,199.49514563106797
2020-06-24,201.04854368932038
2020-06-25,214.58252427184465
2020-06-26,212.42718446601944
2020-06-29,234.31067961165047
2020-06-30,250.69902912621362
2020-07-01,234.91262135922332
2020-07-02,221.70873786407768
2020-07-06,228.19417475728153
2020-07-07,229.3009708737864
2020-07-08,243.37864077669903
2020-07-09,228.09708737864077
2020-07-10,245.0873786407767
2020-07-13,222.48543689320388
2020-07-14,239.49514563106797
2020-07-15,236.85436893203885
2020-07-16,232.56310679611653
2020-07-17,241.126213592233
2020-07-20,238.5242718446602
2020-07-21,244.56310679611653
2020-07-22,249.72815533980585
2020-07-23,247.6893203883495
2020-07-24,251.8252427184466
2020-07-27,243.00970873786406
2020-07-28,229.53398058252426
2020-07-29,244.75728155339803
2020-07-30,246.89320388349515
2020-07-31,272.40776699029124
2020-08-03,286.97087378640776
2020-08-04,268.3883495145631
2020-08-05,305.88349514563106
2020-08-06,271.7669902912621
2020-08-07,272.6407766990291
2020-08-10,245.5145631067961
2020-08-11,236.36893203883494
2020-08-12,213.12621359223303
2020-08-13,206.15533980582526
2020-08-14,196.93203883495144
2020-08-17,193.28155339805826
2020-08-18,203.04854368932038
2020-08-19,213.92233009708738
2020-08-20,208.6990291262136
2020-08-21,222.27184466019418
2020-08-24,225.28155339805824
2020-08-25,221.72815533980582
2020-08-26,207.84466019417476
2020-08-27,211.7864077669903
2020-08-28,193.49514563106797
2020-08-31,201.3980582524272
2020-09-01,201.51456310679615
2020-09-02,211.82524271844662
2020-09-03,215.49514563106794
2020-09-04,220.17475728155338
2020-09-08,187.2621359223301
2020-09-09,212.0970873786408
2020-09-10,205.33980582524273
2020-09-11,208.62135922330097
2020-09-14,212.75728155339806
2020-09-15,207.5533980582524
2020-09-16,200.73786407766988
2020-09-17,188.3106796116505
2020-09-18,185.3398058252427
2020-09-21,179.6504854368932
2020-09-22,192.33009708737862
2020-09-23,190.4271844660194
2020-09-24,179.4368932038835
2020-09-25,178.95145631067962
2020-09-28,182.15533980582526
2020-09-29,184.25242718446603
2020-09-30,186.6019417475728
2020-10-01,179.3398058252427
2020-10-02,178.60194174757282
2020-10-05,169.32038834951456
2020-10-06,154.31067961165047
2020-10-07,163.33980582524273
2020-10-08,151.5728155339806
2020-10-09,150.71844660194176
2020-10-13,148.6796116504854
2020-10-14,158.85436893203882
2020-10-15,157.88349514563106
2020-10-16,153.6116504854369
2020-10-19,152.69902912621362
2020-10-20,149.39805825242718
2020-10-21,145.747572815534
2020-10-22,141.0873786407767
2020-10-23,138.87378640776697
2020-10-26,137.66990291262138
2020-10-27,146.77669902912623
2020-10-28,154.50485436893203
2020-10-29,154.93203883495147
2020-10-30,147.9029126213592
2020-11-02,148.09708737864077
2020-11-03,137.20388349514562
2020-11-04,143.66990291262135
2020-11-05,140.64077669902915
2020-11-06,128.11650485436894
2020-11-09,118.97087378640778
2020-11-10,113.30097087378641
2020-11-12,126.95145631067962
2020-11-13,122.48543689320388
2020-11-16,123.37864077669903
2020-11-17,130.07766990291262
2020-11-18,126.15533980582525
2020-11-19,134.50485436893203
2020-11-20,132.7572815533981
2020-11-23,128.89320388349515
2020-11-24,125.0485436893204
2020-11-25,126.95145631067962
2020-11-30,138.83495145631068
2020-12-01,129.37864077669903
2020-12-02,130.36893203883494
2020-12-03,131.96116504854368
2020-12-04,131.12621359223303
2020-12-07,133.9029126213592
2020-12-08,131.06796116504856
2020-12-09,129.37864077669903
2020-12-10,135.82524271844662
2020-12-11,142.3495145631068
2020-12-15,139.8834951456311
2020-12-16,138.89320388349515
2020-12-17,134.54368932038835
2020-12-18,130.252427184466
2020-12-21,131.4757281553398
2020-12-22,134.9126213592233
2020-12-23,131.6893203883495
2020-12-24,132.19417475728156
2020-12-28,133.51456310679612
2020-12-29,132.1359223300971
2020-12-30,137.45631067961165
2020-12-31,140.95145631067962
2021-01-04,140.03883495145632
2021-01-05,131.84466019417476
2021-01-06,123.84466019417475
2021-01-07,117.37864077669904
2021-01-08,115.66990291262135
2021-01-11,117.78640776699028
2021-01-12,119.90291262135922
2021-01-13,120.97087378640776
2021-01-14,119.6116504854369
2021-01-15,122.03883495145631
2021-01-19,121.00970873786407
2021-01-20,121.28155339805826
2021-01-21,119.78640776699028
2021-01-22,119.98058252427184
2021-01-25,125.88349514563106
2021-01-26,121.80582524271844
2021-01-27,123.82524271844662
2021-01-28,121.96116504854369
2021-01-29,122.19417475728156
2021-02-01,119.08737864077669
2021-02-02,116.40776699029128
2021-02-03,114.52427184466019
2021-02-04,116.11650485436893
2021-02-05,114.03883495145631
2021-02-08,114.58252427184465
2021-02-09,114.64077669902912
2021-02-10,118.46601941747572
2021-02-11,117.72815533980582
2021-02-12,113.92233009708738
2021-02-16,114.83495145631069
2021-02-17,115.30097087378641
2021-02-18,112.67961165048544
2021-02-19,114.50485436893203
2021-02-22,117.12621359223301
2021-02-23,121.8640776699029
2021-02-24,122.13592233009709
2021-02-25,117.63106796116504
2021-02-26,119.20388349514563
2021-03-01,114.66019417475728
2021-03-02,109.33980582524272
2021-03-03,107.0485436893204
2021-03-04,105.57281553398057
2021-03-05,106.75728155339806
2021-03-08,106.5242718446602
2021-03-09,112.46601941747574
2021-03-10,111.4368932038835
2021-03-11,109.20388349514563
2021-03-12,108.11650485436893
2021-03-15,108.11650485436893
2021-03-16,109.02912621359222
2021-03-17,106.83495145631068
2021-03-18,105.06796116504856
2021-03-19,105.70873786407766
2021-03-22,101.76699029126213
2021-03-23,102.27184466019419
2021-03-24,102.99029126213593
2021-03-25,102.42718446601941
2021-03-26,101.06796116504854
2021-03-29,98.6601941747573
2021-03-30,98.09708737864078
2021-03-31,97.96116504854369
2021-04-01,99.72815533980582
2021-04-05,96.71844660194175
2021-04-06,99.41747572815535
2021-04-07,103.74757281553397
2021-04-08,103.84466019417475
2021-04-09,107.16504854368931
2021-04-12,104.27184466019419
2021-04-13,104.19417475728154
2021-04-14,109.30097087378641
2021-04-15,109.80582524271844
2021-04-16,111.39805825242719
2021-04-19,110.01941747572815
2021-04-20,110.81553398058253
2021-04-21,113.7864077669903
2021-04-22,111.02912621359222
2021-04-23,110.03883495145632
2021-04-26,107.08737864077669
2021-04-27,106.07766990291263
2021-04-28,102.85436893203882
2021-04-29,104.1359223300971
2021-04-30,102.54368932038835
2021-05-03,104.15533980582525
2021-05-04,105.80582524271844
2021-05-05,105.80582524271844
2021-05-06,107.7864077669903
2021-05-07,108.3883495145631
2021-05-10,107.76699029126213
2021-05-11,108.01941747572816
2021-05-12,107.61165048543691
2021-05-13,105.84466019417475
2021-05-14,107.86407766990291
2021-05-17,106.62135922330096
2021-05-18,105.7864077669903
2021-05-19,107.20388349514562
2021-05-20,104.7766990291262
2021-05-21,108.64077669902915
2021-05-24,108.66019417475728
2021-05-25,110.54368932038834
2021-05-26,114.50485436893203
2021-05-27,111.66990291262135
2021-05-28,109.06796116504856
2021-06-01,105.86407766990291
2021-06-02,105.24271844660196
2021-06-03,105.33980582524272
2021-06-04,102.56310679611651
2021-06-07,105.51456310679612
2021-06-08,103.49514563106797
2021-06-09,105.7864077669903
2021-06-10,109.22330097087378
2021-06-11,110.67961165048543
2021-06-14,107.39805825242719
2021-06-15,104.6990291262136
2021-06-16,105.12621359223301
2021-06-17,99.02912621359224
2021-06-18,103.78640776699031
2021-06-21,110.46601941747574
2021-06-22,108.2135922330097
2021-06-23,106.83495145631068
2021-06-24,103.72815533980584
2021-06-25,102.44660194174757
2021-06-28,101.45631067961165
2021-06-29,101.88349514563106
2021-06-30,103.6893203883495
2021-07-01,103.35922330097087
2021-07-02,104.6990291262136
2021-07-06,100.79611650485435
2021-07-07,111.02912621359222
2021-07-08,112.95145631067962
2021-07-09,118.62135922330097
2021-07-12,110.99029126213591
2021-07-13,111.8252427184466
2021-07-14,107.92233009708738
2021-07-15,113.02912621359222
2021-07-16,116.40776699029128
2021-07-19,116.91262135922331
2021-07-20,131.72815533980585
2021-07-21,129.9611650485437
2021-07-22,119.3009708737864
2021-07-23,121.14563106796116
2021-07-26,121.20388349514563
2021-07-27,119.8640776699029
2021-07-28,123.53398058252426
2021-07-29,120.71844660194175
2021-07-30,117.10679611650485
2021-08-02,121.3009708737864
2021-08-03,126.79611650485437
2021-08-04,129.63106796116506
2021-08-05,126.81553398058252
2021-08-06,122.71844660194175
2021-08-09,114.87378640776697
2021-08-10,114.34951456310681
2021-08-11,112.58252427184465
2021-08-12,114.09708737864077
2021-08-13,109.39805825242719
2021-08-16,116.44660194174756
2021-08-17,119.20388349514563
2021-08-18,116.87378640776697
2021-08-19,116.62135922330097
2021-08-20,117.82524271844662
2021-08-23,115.96116504854368
2021-08-24,117.57281553398057
2021-08-25,113.53398058252426
2021-08-26,109.45631067961163
2021-08-27,107.96116504854369
2021-08-30,108.64077669902915
2021-08-31,113.06796116504853
2021-09-01,111.90291262135923
2021-09-02,111.55339805825244
2021-09-03,112.15533980582524
2021-09-07,107.22330097087378
2021-09-08,104.3495145631068
2021-09-09,106.27184466019418
2021-09-10,107.96116504854369
2021-09-13,104.17475728155338
2021-09-14,105.08737864077669
2021-09-15,106.79611650485437
2021-09-16,106.0
2021-09-17,102.50485436893204
2021-09-20,119.98058252427184
2021-09-21,105.80582524271844
2021-09-22,105.6116504854369
2021-09-23,104.07766990291263
2021-09-24,97.51456310679612
2021-09-27,97.74757281553399
2021-09-28,95.65048543689319
2021-09-29,94.46601941747572
2021-09-30,96.34951456310678
2021-10-01,98.25242718446601
2021-10-04,99.28155339805825
2021-10-05,99.126213592233
2021-10-06,96.67961165048543
2021-10-07,96.7378640776699
2021-10-08,94.07766990291263
2021-10-11,90.77669902912622
2021-10-12,90.77669902912622
2021-10-13,91.41747572815534
2021-10-14,93.8252427184466
2021-10-15,95.96116504854369
2021-10-18,94.48543689320388
2021-10-19,96.1747572815534
2021-10-20,93.98058252427184
2021-10-21,92.97087378640776
2021-10-22,91.53398058252428
2021-10-25,94.03883495145631
2021-10-26,93.32038834951457
2021-10-27,94.25242718446601
2021-10-28,99.14563106796118
2021-10-29,101.20388349514562
2021-11-01,103.28155339805825
2021-11-02,102.7766990291262
2021-11-03,98.46601941747572
2021-11-04,94.15533980582525
2021-11-05,94.99029126213593
2021-11-08,99.35922330097088
2021-11-09,103.32038834951456
2021-11-10,98.03883495145631
2021-11-12,99.28155339805825
2021-11-16,95.41747572815534
2021-11-17,94.9514563106796
2021-11-18,96.40776699029125
2021-11-19,96.7378640776699
2021-11-22,92.40776699029128
2021-11-23,92.44660194174757
2021-11-24,92.58252427184466
2021-11-26,105.37864077669903
2021-11-29,103.53398058252428
2021-11-30,106.0970873786408
2021-12-01,109.55339805825244
2021-12-02,107.10679611650484
2021-12-03,113.32038834951457
2021-12-06,106.91262135922331
2021-12-07,101.10679611650485
2021-12-08,99.37864077669903
2021-12-09,98.60194174757282
2021-12-10,96.29126213592234
2021-12-13,100.93203883495146
2021-12-14,99.37864077669903
2021-12-15,97.32038834951456
2021-12-16,102.0
2021-12-17,101.53398058252428
2021-12-20,100.54368932038835
2021-12-21,97.66990291262135
2021-12-28,95.45631067961165
2021-12-29,92.42718446601941
2021-12-30,95.12621359223301
2021-12-31,95.0873786407767
2022-01-03,89.96116504854369
2022-01-04,88.67961165048544
2022-01-05,84.89320388349513
2022-01-06,83.7864077669903
2022-01-07,81.02912621359224
2022-01-10,80.15533980582525
2022-01-11,82.81553398058253
2022-01-12,82.50485436893204
2022-01-13,83.63106796116504
2022-01-14,80.87378640776699
2022-01-18,78.25242718446601
2022-01-19,78.42718446601941
2022-01-20,82.05825242718447
2022-01-21,84.69902912621359
2022-01-24,86.52427184466019
2022-01-25,86.25242718446601
2022-01-26,80.19417475728154
2022-01-27,83.51456310679612
2022-01-28,87.45631067961165
2022-01-31,88.62135922330097
2022-02-01,87.57281553398059
2022-02-02,87.82524271844659
2022-02-03,85.32038834951456
2022-02-04,82.58252427184466
2022-02-07,83.53398058252428
2022-02-08,82.75728155339806
2022-02-09,82.60194174757281
2022-02-10,84.05825242718447
2022-02-11,88.7378640776699
2022-02-14,91.06796116504854
2022-02-15,85.32038834951456
2022-02-16,83.68932038834951
2022-02-17,88.23300970873787
2022-02-18,88.46601941747572
2022-02-22,86.3495145631068
2022-02-23,84.62135922330096
2022-02-24,88.03883495145631
2022-02-25,85.55339805825243
2022-02-28,92.93203883495146
2022-03-01,105.00970873786409
2022-03-02,96.23300970873787
2022-03-03,99.7864077669903
2022-03-04,109.84466019417476
2022-03-07,108.62135922330096
2022-03-08,103.41747572815534
2022-03-09,94.56310679611651
2022-03-10,94.25242718446601
2022-03-11,91.14563106796116
2022-03-14,91.14563106796116
2022-03-15,86.42718446601941
2022-03-16,86.13592233009709
2022-03-17,82.71844660194175
2022-03-18,81.74757281553399
2022-03-21,82.0
2022-03-22,80.31067961165049
2022-03-23,79.80582524271846
2022-03-24,85.8252427184466
2022-03-25,88.07766990291263
2022-03-28,90.66019417475728
2022-03-29,92.03883495145631
2022-03-30,93.51456310679612
2022-03-31,92.81553398058252
2022-04-01,88.36893203883494
2022-04-04,89.126213592233
2022-04-05,85.57281553398059
2022-04-06,82.54368932038835
2022-04-07,82.60194174757281
2022-04-08,82.7378640776699
2022-04-11,82.60194174757281
2022-04-12,81.10679611650487
2022-04-13,78.66019417475728
2022-04-14,77.16504854368932
2022-04-18,74.03883495145631
2022-04-19,74.38834951456312
2022-04-20,73.30097087378641
2022-04-21,76.0
2022-04-22,78.07766990291263
2022-04-25,79.53398058252428
2022-04-26,80.87378640776699
2022-04-27,82.56310679611651
2022-04-28,82.27184466019418
2022-04-29,82.60194174757281
2022-05-02,79.90291262135922
2022-05-03,80.1359223300971
2022-05-04,79.66990291262135
2022-05-05,79.59223300970875
2022-05-06,77.20388349514563
2022-05-09,75.61165048543688
2022-05-10,79.33980582524272
2022-05-11,81.28155339805825
2022-05-12,80.60194174757281
2022-05-13,83.24271844660194
2022-05-16,79.49514563106796
2022-05-17,78.58252427184466
2022-05-18,75.90291262135923
2022-05-19,77.126213592233
2022-05-20,77.94174757281553
2022-05-23,77.7864077669903
2022-05-24,75.53398058252428
2022-05-25,78.07766990291263
2022-05-26,76.1747572815534
2022-05-27,75.41747572815535
2022-06-01,256.8543689320388
2022-06-02,73.41747572815535
2022-06-03,71.80582524271844
2022-06-06,70.23300970873787
2022-06-07,69.32038834951457
2022-06-08,71.33980582524272
2022-06-09,70.34951456310678
2022-06-10,69.76699029126213
2022-06-13,73.7864077669903
2022-06-14,79.14563106796116
2022-06-15,76.23300970873787
2022-06-16,76.89320388349515
2022-06-17,83.6116504854369
2022-06-21,81.14563106796116
2022-06-22,79.80582524271846
2022-06-23,79.96116504854369
2022-06-24,81.57281553398057
2022-06-27,80.54368932038834
2022-06-28,80.19417475728154
2022-06-29,78.71844660194175
2022-06-30,78.19417475728156
2022-07-01,80.91262135922331
2022-07-05,86.52427184466019
2022-07-06,91.80582524271846
2022-07-07,86.75728155339806
2022-07-08,86.05825242718447
2022-07-11,82.67961165048543
2022-07-12,85.45631067961165
2022-07-13,87.53398058252428
2022-07-14,87.51456310679612
2022-07-15,86.13592233009709
2022-07-18,84.42718446601941
2022-07-19,82.27184466019418
2022-07-20,81.14563106796116
2022-07-21,81.96116504854369
2022-07-22,87.45631067961165
2022-07-25,93.06796116504854
2022-07-26,92.0
2022-07-27,88.38834951456312
2022-07-28,87.37864077669903
2022-07-29,90.64077669902912
2022-08-01,88.7378640776699
2022-08-02,91.06796116504854
2022-08-03,87.2621359223301
2022-08-04,89.8252427184466
2022-08-05,90.2135922330097
2022-08-08,87.2621359223301
2022-08-09,89.84466019417476
2022-08-10,89.2233009708738
2022-08-11,85.74757281553399
2022-08-12,80.50485436893204
2022-08-15,80.9514563106796
2022-08-16,81.12621359223301
2022-08-17,81.55339805825243
2022-08-18,80.81553398058252
2022-08-19,82.09708737864078
2022-08-22,81.84466019417475
2022-08-23,82.6990291262136
2022-08-24,81.63106796116504
2022-08-25,81.24271844660194
2022-08-26,81.10679611650487
2022-08-29,77.39805825242718
2022-08-30,77.41747572815534
2022-08-31,77.76699029126213
2022-09-01,76.07766990291263
2022-09-02,75.82524271844659
2022-09-06,75.57281553398059
2022-09-07,75.47572815533981
2022-09-08,76.38834951456312
2022-09-09,75.02912621359224
2022-09-12,74.48543689320388
2022-09-13,73.18446601941747
2022-09-14,74.83495145631068
2022-09-15,74.97087378640776
2022-09-16,74.17475728155341
2022-09-19,75.57281553398059
2022-09-20,75.37864077669903
2022-09-21,73.92233009708737
2022-09-22,71.96116504854369
2022-09-23,69.63106796116504
2022-09-26,72.7378640776699
2022-09-27,73.45631067961165
2022-09-28,74.77669902912622
2022-09-29,77.68932038834951
2022-09-30,75.22330097087378
2022-10-03,72.44660194174757
2022-10-04,76.69902912621359
2022-10-05,75.86407766990291
2022-10-06,74.71844660194175
2022-10-07,73.86407766990291
2022-10-10,71.96116504854369
2022-10-11,71.94174757281553
2022-10-12,72.64077669902912
2022-10-13,75.22330097087378
2022-10-14,75.00970873786407
2022-10-17,73.47572815533981
2022-10-18,73.10679611650485
2022-10-19,72.2135922330097
2022-10-20,71.00970873786407
2022-10-21,71.6116504854369
2022-10-24,71.14563106796116
2022-10-25,70.77669902912622
2022-10-26,70.3883495145631
2022-10-27,69.72815533980582
2022-10-28,70.31067961165049
2022-11-01,68.52427184466019
2022-11-02,67.92233009708737
2022-11-03,64.99029126213593
2022-11-04,65.47572815533981
2022-11-07,62.60194174757282
2022-11-08,63.14563106796117
2022-11-09,63.65048543689321
2022-11-10,66.15533980582524
2022-11-11,66.2135922330097
2022-11-15,69.80582524271846
2022-11-16,71.45631067961165
2022-11-17,71.30097087378641
2022-11-18,70.13592233009707
2022-11-21,70.77669902912622
2022-11-28,75.51456310679612
2022-11-29,74.9126213592233
2022-12-02,79.47572815533981
2022-12-05,78.36893203883494
2022-12-06,80.07766990291263
2022-12-07,84.03883495145631
2022-12-09,79.2621359223301
2022-12-12,79.45631067961165
2022-12-13,78.27184466019418
2022-12-14,75.3398058252427
2022-12-15,74.42718446601941
2022-12-16,74.77669902912622
2022-12-19,74.0
2022-12-20,73.74757281553399
2022-12-21,73.86407766990291
2022-12-22,73.66990291262135
2022-12-23,72.7766990291262
2022-12-27,73.49514563106796
2022-12-28,72.81553398058253
2022-12-29,73.66990291262135
2022-12-30,73.28155339805825
2023-01-03,74.03883495145631
2023-01-04,73.14563106796118
2023-01-05,71.2621359223301
2023-01-06,72.09708737864078
2023-01-09,70.97087378640776
2023-01-10,70.07766990291263
2023-01-11,69.41747572815534
2023-01-12,70.50485436893204
2023-01-13,70.83495145631066
2023-01-17,68.75728155339806
2023-01-18,72.33009708737865
2023-01-19,70.33009708737865
2023-01-20,68.97087378640776
2023-01-23,67.98058252427184
2023-01-25,67.6116504854369
2023-01-26,65.37864077669904
2023-01-27,64.31067961165049
2023-01-30,64.56310679611651
2023-01-31,64.36893203883494
2023-02-01,64.42718446601941
2023-02-02,64.56310679611651
2023-02-03,63.10679611650486
2023-02-06,63.35922330097088
2023-02-07,62.3495145631068
2023-02-08,62.873786407767
2023-02-09,62.11650485436893
2023-02-10,62.3495145631068
2023-02-13,62.62135922330098
2023-02-14,62.48543689320388
2023-02-15,61.320388349514566
2023-02-16,61.320388349514566
2023-02-17,63.087378640776706
2023-02-21,62.77669902912621
2023-02-22,61.51456310679612
2023-02-23,60.71844660194174
2023-02-24,59.98058252427184
2023-02-27,60.19417475728155
2023-02-28,60.54368932038835
2023-03-01,61.0873786407767
2023-03-02,60.83495145631067
2023-03-03,61.203883495145625
2023-03-06,62.174757281553404
2023-03-07,63.18446601941747
2023-03-08,63.14563106796117
2023-03-09,65.47572815533981
2023-03-10,72.03883495145631
2023-03-13,72.03883495145631
2023-03-14,80.03883495145631
2023-03-15,75.80582524271846
2023-03-16,85.86407766990291
2023-03-17,75.10679611650485
2023-03-20,82.71844660194175
2023-03-21,81.24271844660194
2023-03-22,74.52427184466019
2023-03-23,76.93203883495146
2023-03-24,82.89320388349513
2023-03-27,83.70873786407766
2023-03-28,77.02912621359224
2023-03-29,75.00970873786407
2023-03-30,73.61165048543688
2023-03-31,72.64077669902912
2023-04-03,74.11650485436894
2023-04-04,76.44660194174757
2023-04-05,80.58252427184466
2023-04-06,80.2135922330097
2023-04-10,74.62135922330097
2023-04-11,74.79611650485437
2023-04-12,74.23300970873787
2023-04-13,74.15533980582524
2023-04-14,73.06796116504854
2023-04-17,70.54368932038835
2023-04-18,70.46601941747572
2023-04-19,70.42718446601943
2023-04-20,71.72815533980582
2023-04-21,74.62135922330097
2023-04-24,74.75728155339806
2023-04-25,78.36893203883494
2023-04-26,83.28155339805825
2023-04-27,79.33980582524272
2023-04-28,75.59223300970874
2023-05-01,76.48543689320388
2023-05-02,73.18446601941747
2023-05-03,77.6504854368932
2023-05-04,81.02912621359224
2023-05-05,82.09708737864078
2023-05-08,78.66019417475728
2023-05-09,78.07766990291263
2023-05-10,78.42718446601941
2023-05-11,80.42718446601941
2023-05-12,81.59223300970875
2023-05-15,79.12621359223301
2023-05-16,77.55339805825243
2023-05-17,77.14563106796116
2023-05-18,75.57281553398059
2023-05-19,74.44660194174759
2023-05-22,74.36893203883494
2023-05-23,73.33980582524272
2023-05-24,73.7864077669903
2023-05-25,73.10679611650485
2023-05-26,72.29126213592232
2023-05-30,72.9514563106796
2023-05-31,73.70873786407766
2023-06-01,74.50485436893204
2023-06-02,73.88349514563106
2023-06-05,70.07766990291263
2023-06-06,70.19417475728154
2023-06-07,68.87378640776699
2023-06-08,67.49514563106796
2023-06-09,67.80582524271846
2023-06-12,67.12621359223301
2023-06-13,66.42718446601941
2023-06-14,63.86407766990292
2023-06-15,63.28155339805826
2023-06-16,64.77669902912622
2023-06-20,63.70873786407767
2023-06-21,64.52427184466019
2023-06-22,64.05825242718447
2023-06-23,62.970873786407765
2023-06-26,64.97087378640776
2023-06-27,66.11650485436893
2023-06-28,65.0485436893204
2023-06-29,66.2135922330097
2023-06-30,65.18446601941747
2023-07-17,57.53398058252427
2023-07-18,56.932038834951456
2023-07-19,57.650485436893206
2023-07-20,57.6116504854369
2023-07-21,56.46601941747572
2023-07-24,55.456310679611654
2023-07-25,56.21359223300971
2023-07-26,54.01941747572816
2023-07-27,54.0388349514563
2023-07-28,54.01941747572816
2023-07-31,54.05825242718446
2023-08-01,54.09708737864077
2023-08-02,54.05825242718446
2023-08-03,54.0388349514563
2023-08-04,54.0388349514563
2023-08-07,54.0388349514563
2023-08-08,54.0388349514563
2023-08-09,54.0388349514563
2023-08-10,54.0388349514563
2023-08-11,54.0388349514563
2023-08-14,54.0388349514563
2023-08-15,54.0388349514563
2023-08-16,54.05825242718446
2023-08-17,54.0388349514563
2023-08-18,54.0388349514563
2023-08-21,50.271844660194176
2023-08-22,49.10679611650485
2023-08-23,49.12621359223301
2023-08-24,50.81553398058253
2023-08-25,50.25242718446602
2023-08-28,50.13592233009708
2023-08-29,50.893203883495154
2023-08-30,52.504854368932044
2023-08-31,52.582524271844655
2023-09-01,52.95145631067961
2023-09-05,52.135922330097095
2023-09-06,50.3495145631068
2023-09-07,49.883495145631066
2023-09-08,50.58252427184466
2023-09-11,50.13592233009708
2023-09-12,49.53398058252427
2023-09-13,49.359223300970875
2023-09-14,49.844660194174764
2023-09-15,49.4757281553398
2023-09-18,49.009708737864074
2023-09-19,49.37864077669903
2023-09-20,48.56310679611651
2023-09-21,47.66990291262136
2023-09-22,46.99029126213592
2023-09-25,47.80582524271845
2023-09-26,45.84466019417476
2023-09-27,46.640776699029125
2023-09-28,45.70873786407767
2023-09-29,46.699029126213595
2023-10-02,46.75728155339806
2023-10-03,45.51456310679612
2023-10-04,44.50485436893204
2023-10-05,45.20388349514563
2023-10-06,45.592233009708735
2023-10-09,44.737864077669904
2023-10-10,44.737864077669904
2023-10-11,46.13592233009709
2023-10-12,46.71844660194174
2023-10-13,45.728155339805824
2023-10-16,46.601941747572816
2023-10-17,45.63106796116505
2023-10-18,44.019417475728154
2023-10-19,43.359223300970875
2023-10-20,42.81553398058253
2023-10-23,43.63106796116505
2023-10-24,44.58252427184466
2023-10-25,44.58252427184466
2023-10-26,43.41747572815534
2023-10-27,44.67961165048544
2023-10-30,45.14563106796117
2023-10-31,44.54368932038835
2023-11-01,44.155339805825236
2023-11-02,46.213592233009706
2023-11-03,46.834951456310684
2023-11-06,47.320388349514566
2023-11-07,48.15533980582524
2023-11-08,48.83495145631068
2023-11-09,47.43689320388349
2023-11-10,46.601941747572816
2023-11-13,46.77669902912621
2023-11-14,49.359223300970875
2023-11-15,48.13592233009709
2023-11-16,49.51456310679612
2023-11-17,49.49514563106796
2023-11-20,49.592233009708735
2023-11-21,49.94174757281553
2023-11-22,49.592233009708735
2023-11-27,50.05825242718447
2023-11-28,51.43689320388349
2023-11-29,52.60194174757281
2023-11-30,51.572815533980574
2023-12-01,53.61165048543689
2023-12-04,52.40776699029126
2023-12-05,53.90291262135922
2023-12-06,54.485436893203875
2023-12-07,53.84466019417475
2023-12-08,52.40776699029126
2023-12-11,52.271844660194176
2023-12-18,57.14563106796117
2023-12-19,57.14563106796117
2023-12-20,58.83495145631068
2023-12-21,58.33009708737864
2023-12-26,57.96116504854369
2023-12-27,60.03883495145631
2023-12-28,58.42718446601942
2024-01-02,57.22330097087378
2024-01-03,57.18446601941748
2024-01-04,56.03883495145631
2024-01-05,55.55339805825243
2024-01-08,55.398058252427184
2024-01-09,55.708737864077676
2024-01-10,55.883495145631066
2024-01-11,56.9514563106796
2024-01-12,57.53398058252427
2024-01-16,55.53398058252428
2024-01-17,54.05825242718446
2024-01-18,53.61165048543689
2024-01-19,53.94174757281554
2024-01-22,54.23300970873787
2024-01-23,53.92233009708738
2024-01-24,53.28155339805826
2024-01-25,54.21359223300971
2024-01-26,53.92233009708738
2024-01-29,54.66019417475728
2024-01-30,55.242718446601934
2024-01-31,57.47572815533981
2024-02-01,57.88349514563107
2024-02-02,55.2621359223301
2024-02-05,53.06796116504854
2024-02-06,54.11650485436893
2024-02-07,53.78640776699029
2024-02-08,53.0485436893204
2024-02-09,52.737864077669904
2024-02-12,52.75728155339806
2024-02-13,50.56310679611651
2024-02-14,51.28155339805826
2024-02-15,51.689320388349515
2024-02-16,51.029126213592235
2024-02-20,51.30097087378641
2024-02-21,50.54368932038835
2024-02-22,50.3883495145631
2024-02-23,51.41747572815534
2024-02-26,51.30097087378641
2024-02-27,51.04854368932039
2024-02-28,51.631067961165044
2024-02-29,51.728155339805824
2024-03-01,52.834951456310684
2024-03-04,52.15533980582524
2024-03-05,52.990291262135926
2024-03-06,53.456310679611654
2024-03-07,53.92233009708738
2024-03-08,54.19417475728155
2024-03-11,54.19417475728155
2024-03-12,53.650485436893206
2024-03-13,52.95145631067961
2024-03-14,52.271844660194176
2024-03-15,50.796116504854375
2024-03-18,50.40776699029126
2024-03-19,50.213592233009706
2024-03-20,50.679611650485434
2024-03-21,51.04854368932039
2024-03-22,51.00970873786408
2024-03-25,52.058252427184456
2024-03-26,51.28155339805826
2024-03-27,51.47572815533981
2024-03-28,51.980582524271846
2024-04-01,51.59223300970874
2024-04-02,51.24271844660194
2024-04-03,51.28155339805826
2024-04-04,52.01941747572816
2024-04-05,50.737864077669904
2024-04-08,50.56310679611651
2024-04-09,50.796116504854375
2024-04-10,50.66019417475728
2024-04-11,51.572815533980574
2024-04-12,52.71844660194175
2024-04-15,53.12621359223301
2024-04-16,52.3883495145631
2024-04-17,51.82524271844661
2024-04-18,51.029126213592235
2024-04-19,51.883495145631066
2024-04-22,51.12621359223301
2024-04-23,50.75728155339806
2024-04-24,50.873786407766985
2024-04-25,51.41747572815534
2024-04-26,51.12621359223301
2024-04-29,51.33980582524272
2024-04-30,50.796116504854375
2024-05-01,50.66019417475728
2024-05-02,51.320388349514566
2024-05-03,51.398058252427184
2024-05-06,51.70873786407767
2024-05-07,51.689320388349515
2024-05-08,52.0
2024-05-09,51.49514563106796
2024-05-10,50.912621359223294
2024-05-13,51.49514563106796
2024-05-14,52.29126213592233
2024-05-15,52.48543689320388
2024-05-16,51.51456310679612
2024-05-17,50.50485436893204
2024-05-20,50.13592233009708
2024-05-21,49.4757281553398
2024-05-22,49.06796116504854
2024-05-23,48.87378640776699
2024-05-24,49.398058252427184
2024-05-27,49.41747572815534
2024-05-28,48.56310679611651
2024-05-29,48.17475728155339
2024-05-30,48.89320388349515
2024-05-31,49.51456310679612
2024-06-03,51.59223300970874
2024-06-04,53.02912621359223
2024-06-05,54.1747572815534
2024-06-06,53.90291262135922
2024-06-07,51.067961165048544
2024-06-10,50.81553398058253
2024-06-11,51.41747572815534
2024-06-12,52.11650485436893
2024-06-13,53.86407766990291
2024-06-14,54.36893203883495
2024-06-17,52.932038834951456
2024-06-18,53.825242718446596
2024-06-19,53.84466019417475
2024-06-20,53.43689320388349
2024-06-21,53.84466019417475
2024-06-24,54.19417475728155
2024-06-25,54.504854368932044
2024-06-26,53.631067961165044
2024-06-27,54.3883495145631
2024-06-28,53.08737864077669
2024-07-01,52.796116504854375
2024-07-02,53.61165048543689
2024-07-03,54.349514563106794
2024-07-04,54.36893203883495
2024-07-05,55.06796116504854
2024-07-08,54.13592233009709
2024-07-09,54.15533980582524
2024-07-10,54.27184466019417
2024-07-11,55.300970873786405
2024-07-12,55.28155339805825
2024-07-15,54.9126213592233
2024-07-16,55.80582524271844
2024-07-17,55.84466019417476
2024-07-18,55.16504854368932
2024-07-19,55.28155339805825
2024-07-22,55.0485436893204
2024-07-23,55.10679611650485
2024-07-24,55.398058252427184
2024-07-25,55.84466019417476
2024-07-26,56.46601941747572
2024-07-29,55.86407766990291
2024-07-30,56.44660194174757
2024-07-31,58.03883495145631
2024-08-01,59.14563106796117
2024-08-02,65.00970873786407
2024-08-05,65.02912621359224
2024-08-06,61.51456310679612
2024-08-07,60.58252427184466
2024-08-08,59.88349514563107
2024-08-09,60.679611650485434
2024-08-12,61.94174757281553
2024-08-13,63.41747572815534
2024-08-14,62.3495145631068
2024-08-15,60.79611650485437
2024-08-16,61.24271844660194
2024-08-19,61.57281553398059
2024-08-20,62.95145631067961
2024-08-21,63.20388349514563
2024-08-22,61.66990291262137
2024-08-23,61.39805825242719
2024-08-26,61.0873786407767
2024-08-27,61.4757281553398
2024-08-28,62.174757281553404
2024-08-29,61.359223300970875
2024-08-30,60.91262135922331
2024-09-02,61.33980582524272
2024-09-03,62.155339805825236
2024-09-04,64.25242718446601
2024-09-05,64.33009708737865
2024-09-06,65.0873786407767
2024-09-09,63.96116504854369
2024-09-10,64.54368932038835
2024-09-11,63.922330097087375
2024-09-12,63.30097087378641
2024-09-13,64.40776699029126
2024-09-16,63.63106796116506
2024-09-17,55.16504854368932
2024-09-18,55.16504854368932
2024-09-19,55.16504854368932
2024-09-20,55.14563106796116
2024-09-23,58.07766990291262
2024-09-24,58.757281553398066
2024-09-25,58.62135922330097
2024-09-26,58.81553398058252
2024-09-27,59.6116504854369
2024-09-30,58.38834951456311
2024-10-01,59.4757281553398
2024-10-02,58.87378640776699
2024-10-03,58.23300970873786
2024-10-04,56.19417475728156
2024-10-07,55.66990291262136
2024-10-08,56.407766990291265
2024-10-09,55.708737864077676
2024-10-10,56.07766990291262
2024-10-11,55.61165048543689
2024-10-14,55.55339805825243
2024-10-15,56.83495145631068
2024-10-16,56.71844660194175
2024-10-17,55.84466019417476
2024-10-18,55.86407766990291
2024-10-21,55.398058252427184
2024-10-22,55.41747572815534
2024-10-23,55.78640776699029
2024-10-24,55.8252427184466
2024-10-25,55.8252427184466
2024-10-28,55.0485436893204
2024-10-29,54.46601941747573
2024-10-30,55.92233009708738
2024-10-31,55.12621359223301
2024-11-01,55.708737864077676
2024-11-04,55.80582524271844
2024-11-05,54.62135922330097
2024-11-06,52.11650485436893
2024-11-07,52.23300970873787
2024-11-08,52.15533980582524
2024-11-12,51.28155339805826
2024-11-13,51.631067961165044
2024-11-14,51.22330097087379
2024-11-15,51.553398058252434
2024-11-18,52.970873786407765
2024-11-19,52.737864077669904
2024-11-20,52.737864077669904
2024-11-21,52.44660194174757
2024-11-22,52.56310679611651
2024-11-25,53.35922330097087
2024-11-26,52.62135922330098
2024-11-27,53.2621359223301
2024-11-29,53.99999999999999
2024-12-02,45.82524271844661
2024-12-03,45.922330097087375
2024-12-04,46.09708737864077
2024-12-05,45.78640776699029
2024-12-06,54.33009708737864
2024-12-09,44.89320388349515
2024-12-10,51.631067961165044
2024-12-11,50.19417475728155
2024-12-12,50.155339805825236
2024-12-13,43.41747572815534
2024-12-16,49.55339805825243
2024-12-17,49.94174757281553
2024-12-18,49.94174757281553
2024-12-20,48.31067961165048
2024-12-23,48.75728155339806
2024-12-24,48.69902912621359
2024-12-26,48.71844660194174
2024-12-27,48.349514563106794
2024-12-30,49.49514563106796
2024-12-31,48.89320388349515
2025-01-02,48.42718446601942
2025-01-03,47.63106796116505
2025-01-06,47.37864077669903
2025-01-07,46.95145631067961
2025-01-08,47.262135922330096
2025-01-09,47.22330097087379
2025-01-10,46.019417475728154
2025-01-13,46.796116504854375
2025-01-14,46.46601941747573
2025-01-15,47.57281553398058
2025-01-16,48.019417475728154
2025-01-17,47.63106796116505
2025-01-21,47.728155339805824
2025-01-22,47.00970873786408
2025-01-23,46.582524271844655
2025-01-24,46.796116504854375
2025-01-27,47.883495145631066
2025-01-28,47.86407766990291
2025-01-29,47.06796116504854
2025-01-30,47.00970873786408
2025-01-31,46.89320388349515
2025-02-03,46.75728155339806
2025-02-04,47.456310679611654
2025-02-05,48.66019417475728
2025-02-06,48.23300970873786
2025-02-07,47.398058252427184
2025-02-10,46.601941747572816
2025-02-11,46.213592233009706
2025-02-12,45.0873786407767
2025-02-13,45.922330097087375
2025-02-14,46.87378640776699
2025-02-18,45.0873786407767
2025-02-19,44.77669902912621
2025-02-20,45.10679611650485
2025-02-21,46.25242718446602
2025-02-24,47.029126213592235
2025-02-25,48.99029126213592
2025-02-26,49.51456310679612
2025-02-27,49.55339805825243
2025-02-28,51.747572815533985
2025-03-03,52.834951456310684
2025-03-04,51.262135922330096
2025-03-05,51.18446601941747
2025-03-06,51.30097087378641
2025-03-07,51.04854368932039
2025-03-10,51.04854368932039
2025-03-11,53.43689320388349
2025-03-12,52.62135922330098
2025-03-13,51.82524271844661
2025-03-14,52.40776699029126
2025-03-17,51.59223300970874
2025-03-18,51.04854368932039
2025-03-19,51.262135922330096
2025-03-20,51.553398058252434
2025-03-21,51.45631067961165
2025-03-24,51.728155339805824
2025-03-25,50.58252427184466
2025-03-26,50.95145631067961
2025-03-27,50.640776699029125
2025-03-28,50.58252427184466
2025-03-31,53.10679611650486
2025-04-01,53.980582524271846
2025-04-02,55.0873786407767
2025-04-03,55.37864077669903
2025-04-04,59.63106796116505
2025-04-07,59.864077669902905
2025-04-08,60.23300970873786
2025-04-09,59.80582524271845
2025-04-10,57.398058252427184
2025-04-11,55.689320388349515
2025-04-14,56.1747572815534
2025-04-15,56.932038834951456
2025-04-16,56.23300970873787
2025-04-17,56.990291262135926
2025-04-21,56.36893203883495
2025-04-22,57.398058252427184
2025-04-23,57.7864077669903
2025-04-24,57.495145631067956
2025-04-25,57.0873786407767
2025-04-28,57.18446601941748
2025-04-29,58.40776699029126
2025-04-30,59.59223300970874
2025-05-01,60.50485436893204
2025-05-02,58.9514563106796
2025-05-05,57.16504854368932
2025-05-06,57.14563106796117
2025-05-07,58.07766990291262
2025-05-08,58.50485436893204
2025-05-09,55.12621359223301
2025-05-12,55.22330097087379
2025-05-13,52.9126213592233
2025-05-14,53.02912621359223
2025-05-15,52.543689320388346
2025-05-16,53.300970873786405
2025-05-19,53.47572815533981
2025-05-20,53.883495145631066
2025-05-21,53.76699029126214
2025-05-22,52.3495145631068
2025-05-23,53.41747572815534
2025-05-27,54.09708737864077
2025-05-28,54.67961165048544
2025-05-29,54.11650485436893
2025-05-30,54.77669902912622
2025-06-02,55.22330097087379
2025-06-03,54.582524271844655
2025-06-04,54.11650485436893
2025-06-05,55.47572815533981
2025-06-06,54.582524271844655
2025-06-09,52.66019417475728
2025-06-10,53.2621359223301
2025-06-11,53.35922330097087
2025-06-12,54.15533980582524
2025-06-13,54.932038834951456
2025-06-16,55.009708737864074
2025-06-17,50.3495145631068
2025-06-18,51.51456310679612
2025-06-20,51.572815533980574
2025-06-23,51.631067961165044
2025-06-24,52.29126213592233
2025-06-25,52.95145631067961
2025-06-26,52.815533980582515
2025-06-27,54.13592233009709
2025-06-30,52.699029126213595
2025-07-01,52.60194174757281
2025-07-02,52.135922330097095
2025-07-03,51.61165048543689
2025-07-07,50.23300970873786
2025-07-08,49.689320388349515
2025-07-09,49.24271844660194
2025-07-10,49.8252427184466
2025-07-11,49.30097087378641
2025-07-14,48.71844660194174
2025-07-15,48.582524271844655
2025-07-16,47.94174757281554
2025-07-17,48.77669902912621
2025-07-18,48.48543689320388
2025-07-21,48.54368932038835
2025-07-22,49.30097087378641
2025-07-23,49.66990291262135
2025-07-24,49.24271844660194
2025-07-25,48.79611650485437
2025-07-28,48.38834951456311
2025-07-29,48.33009708737864
2025-07-30,48.9126213592233
2025-07-31,48.0388349514563
2025-08-01,47.22330097087379
2025-08-04,49.689320388349515
2025-08-05,50.213592233009706
2025-08-06,49.28155339805825
2025-08-07,48.95145631067962
2025-08-08,48.17475728155339
2025-08-11,47.28155339805826
2025-08-12,46.81553398058252
2025-08-13,46.13592233009709
2025-08-14,47.14563106796117
2025-08-15,46.33009708737864
2025-08-18,45.45631067961165
2025-08-19,45.24271844660194
2025-08-20,45.68932038834952
2025-08-21,45.553398058252434
2025-08-22,45.33980582524272
2025-08-25,45.49514563106796
2025-08-26,45.300970873786405
2025-08-27,45.980582524271846
2025-08-28,46.31067961165049
2025-08-29,46.640776699029125
2025-09-02,46.33009708737864
2025-09-03,46.23300970873786
2025-09-04,46.62135922330097
2025-09-05,47.28155339805826
2025-09-08,47.86407766990291
2025-09-09,47.59223300970874
2025-09-10,46.62135922330097
2025-09-11,46.66019417475729
2025-09-12,45.94174757281554
2025-09-15,44.970873786407765
2025-09-16,45.53398058252427
2025-09-17,45.51456310679612
2025-09-18,44.13592233009709
2025-09-19,43.883495145631066
2025-09-22,44.25242718446602
2025-09-23,44.85436893203884
2025-09-24,45.76699029126214
2025-09-25,45.53398058252427
2025-09-26,45.45631067961165
2025-09-29,45.20388349514563
2025-09-30,45.00970873786408
2025-10-01,44.87378640776699
2025-10-02,44.87378640776699
2025-10-03,44.5242718446602
2025-10-06,43.86407766990291
2025-10-07,43.66990291262135
2025-10-08,44.116504854368934
2025-10-09,44.13592233009709
2025-10-10,44.310679611650485
2025-10-13,46.44660194174758
2025-10-14,46.42718446601942
2025-10-15,46.09708737864077
2025-10-16,45.33980582524272
2025-10-17,47.12621359223301
2025-10-20,46.116504854368934
2025-10-21,46.07766990291262
2025-10-22,46.29126213592233
2025-10-23,46.9126213592233
2025-10-24,45.592233009708735
2025-10-27,44.83495145631068
2025-10-28,44.66019417475729
2025-10-29,44.407766990291265
2025-10-30,43.18446601941747
2025-10-31,43.203883495145625
2025-11-03,42.54368932038835
2025-11-04,42.69902912621359
2025-11-05,42.116504854368934
2025-11-06,43.359223300970875
2025-11-07,43.84466019417476
2025-11-10,43.10679611650485
2025-11-11,42.87378640776699
2025-11-12,44.71844660194175
2025-11-13,44.48543689320388
2025-11-14,44.640776699029125
2025-11-17,45.417475728155345
2025-11-18,46.213592233009706
2025-11-19,45.728155339805824
2025-11-20,46.36893203883495
2025-11-21,46.46601941747573
2025-11-24,45.94174757281554
2025-11-25,45.66990291262136
2025-11-26,45.70873786407767
2025-11-28,44.89320388349515
